net,length_um
net396,536.27µm
net391,490.77µm
clknet_0_clk,489.29µm
net442,474.53µm
net500,431.25µm
net498,411.78µm
net499,411.27µm
_2542_,405.24µm
net316,383.06µm
net263,376.82µm
net513,366.08µm
net522,360.62µm
net483,358.9µm
net450,349.5µm
_1263_,345.33µm
net311,343.99µm
net497,340.34µm
net445,338.78µm
net387,336.64µm
net357,335.655µm
net490,334.98µm
net393,334.66µm
_2882_,331.69µm
clk,330.76µm
net386,330.52µm
net381,325.675µm
net538,315.54µm
net511,311.13µm
net340,311.01µm
net469,309.62µm
net520,308.85µm
net388,306.8µm
net426,306.4µm
net338,301.62µm
net305,300.7µm
net464,299.58µm
net448,297.67µm
_1288_,297.44µm
net495,297.06µm
net375,296.885µm
_1283_,295.33µm
_1464_,294.725µm
net110,293.1µm
net367,292.715µm
net480,289.91µm
net540,287.92µm
net474,287.8µm
net433,287.465µm
net479,285.33µm
net44,284.14µm
net485,284.09µm
net403,283.005µm
net446,281.805µm
net494,280.37µm
net465,278.71µm
net435,278.38µm
_1486_,278.18µm
net481,277.55µm
clknet_3_4__leaf_clk,277.52µm
_1293_,276.73µm
clknet_3_1__leaf_clk,275.66µm
net471,275.25µm
net496,274.74µm
net468,273.16µm
clknet_3_0__leaf_clk,272.1µm
net50,271.63µm
_2333_,270.73µm
_1490_,269.58µm
_2830_,269.27µm
net349,268.015µm
net467,266.48µm
net299,264.35µm
net466,262.97µm
net315,260.17µm
net253,259.63µm
_2632_,258.26µm
net519,257.68µm
net447,257.18µm
_2580_,257.14µm
net298,256.275µm
_1557_,254.76µm
net309,254.5µm
net414,253.725µm
_1550_,252.74µm
net74,252.58µm
net350,251.965µm
_2862_,251.44µm
net521,251.44µm
net361,251.28µm
RF.registers\[12\]\[16\],249.92µm
net355,249.185µm
net576,246.68µm
net56,243.88µm
net472,243.23µm
_1312_,242.75µm
_2917_,242.23µm
net512,241.18µm
_1331_,239.02µm
net552,238.92µm
_1562_,238.44µm
net312,238.04µm
clknet_leaf_4_clk,237.42µm
net330,237.14µm
net301,236.18µm
net336,235.795µm
net477,235.61µm
_2923_,235.06µm
net439,234.36µm
net478,233.2µm
RF.registers\[12\]\[22\],231.165µm
_1578_,230.56µm
net308,230.54µm
net360,228.48µm
net383,227.575µm
net553,227.5µm
_1382_,227.21µm
net523,226.84µm
net75,225.6µm
net542,224.88µm
clknet_3_6__leaf_clk,224.36µm
net385,224.24µm
net397,222.8µm
net51,222.38µm
net332,222.035µm
net320,221.905µm
net430,221.675µm
net366,221.35µm
net331,221.34µm
net364,221.25µm
net49,220.3µm
net489,219.98µm
net24,219.95µm
net486,219.42µm
net389,219.1µm
net36,218.79µm
net432,217.045µm
net40,217.03µm
net302,217.025µm
net550,216.84µm
net265,216.535µm
net531,216.48µm
net342,216.39µm
next_pc\[12\],216.14µm
net551,215.82µm
net541,214.92µm
net303,214.01µm
net543,213.96µm
net333,213.005µm
_2466_,212.68µm
net317,212.28µm
net30,212.24µm
clknet_3_5__leaf_clk,211.68µm
_3128_,211.4µm
net449,210.73µm
_2371_,210.24µm
net37,210.2µm
_2582_,209.78µm
_2157_,209.26µm
net418,209.065µm
_1637_,208.915µm
RF.registers\[12\]\[25\],208.74µm
net476,208.7µm
net380,208.2µm
clknet_3_7__leaf_clk,207.22µm
net535,207.16µm
net431,206.8µm
net334,206.76µm
net394,204.66µm
_2859_,204.57µm
net345,203.54µm
_1656_,202.29µm
net444,201.9µm
net438,201.82µm
_1341_,201.65µm
net536,201.155µm
RF.registers\[12\]\[18\],200.72µm
RF.registers\[12\]\[23\],200.59µm
net335,198.96µm
RF.registers\[12\]\[17\],197.94µm
net423,197.94µm
net358,197.65µm
_2985_,197.62µm
net420,196.44µm
net571,195.37µm
_2855_,194.2µm
_2841_,193.43µm
_1319_,192.7µm
net537,190.08µm
net371,189.585µm
net470,189.24µm
_2852_,188.6µm
clknet_leaf_5_clk,188.24µm
net304,188.07µm
net63,187.86µm
_1473_,187.42µm
net378,187.42µm
net524,186.86µm
clknet_leaf_2_clk,186.7µm
net411,186.645µm
net417,186.58µm
clknet_leaf_0_clk,185.68µm
net534,185.67µm
_1320_,185.4µm
_1466_,184.84µm
net346,184.68µm
RF.registers\[12\]\[20\],184.625µm
net57,184.5µm
_1345_,184.06µm
_3120_,183.88µm
next_pc\[7\],183.88µm
net351,183.415µm
net347,182.95µm
net545,182.38µm
_1887_,181.9µm
RF.registers\[12\]\[19\],181.79µm
net344,181.6µm
reset,181.09µm
net532,180.96µm
_2335_,180.86µm
net23,180.74µm
net412,180.68µm
net354,180.22µm
clknet_3_2__leaf_clk,180µm
clknet_leaf_39_clk,179.06µm
clknet_leaf_11_clk,178.815µm
_1463_,177.61µm
net575,177.44µm
net398,177.16µm
_1455_,177.12µm
net339,177.06µm
clknet_leaf_1_clk,176.54µm
net453,176.46µm
net437,176.015µm
_1934_,175.91µm
net555,175.81µm
net370,174.83µm
_1920_,174.73µm
net384,174.56µm
clknet_leaf_40_clk,174.015µm
_1927_,173.22µm
net410,172.585µm
net59,172.5µm
RF.registers\[8\]\[6\],171.58µm
_1459_,171.4µm
net18,171.2µm
net376,170.72µm
_1941_,170.6µm
net530,169.78µm
net325,169.62µm
net34,169.49µm
net307,168.93µm
clknet_leaf_8_clk,168.49µm
net529,167.56µm
clknet_leaf_41_clk,167.335µm
net17,167.2µm
net401,167.115µm
net406,167.07µm
net395,167.06µm
_1912_,166.88µm
clknet_leaf_30_clk,166.84µm
net61,166.63µm
_1323_,166.145µm
net546,166.05µm
_2762_,165.62µm
_1281_,165.26µm
RF.registers\[10\]\[28\],165.1µm
_1603_,164.44µm
net55,164.4µm
net288,164.26µm
net373,164.14µm
net506,163.47µm
clknet_leaf_15_clk,162.99µm
clknet_leaf_36_clk,162.4µm
net326,162.22µm
net19,161.76µm
_1554_,161.695µm
clknet_leaf_7_clk,160.375µm
net318,160.155µm
net525,160.02µm
_2465_,159.94µm
net491,158.46µm
_1658_,158.02µm
_2850_,157.4µm
_2306_,156.96µm
_1904_,156.5µm
net313,156.43µm
_1409_,156.24µm
_2524_,156.24µm
clknet_leaf_22_clk,156.18µm
clknet_leaf_38_clk,155.58µm
clknet_leaf_42_clk,155.46µm
clknet_leaf_43_clk,155.1µm
clknet_leaf_20_clk,155.08µm
_1651_,154.71µm
net544,154.44µm
net314,153.8µm
RF.registers\[13\]\[16\],153.7µm
_1472_,153.64µm
clknet_leaf_24_clk,153.6µm
net32,153.39µm
_2785_,152.84µm
clknet_leaf_13_clk,152.32µm
clknet_leaf_35_clk,152.24µm
clknet_leaf_44_clk,152.18µm
net26,151.935µm
clknet_leaf_27_clk,151.9µm
clknet_leaf_9_clk,151.76µm
_2299_,151.64µm
clknet_leaf_10_clk,151.41µm
clknet_leaf_3_clk,151.2µm
clknet_leaf_6_clk,150.835µm
_2256_,150.34µm
clknet_leaf_16_clk,149.81µm
net362,149.71µm
net264,149.7µm
clknet_leaf_33_clk,149.6µm
net368,149.42µm
clknet_leaf_21_clk,149.31µm
clknet_leaf_12_clk,148.82µm
_2606_,148.17µm
net270,148.1µm
clknet_leaf_37_clk,147.96µm
net526,147.58µm
clknet_leaf_18_clk,147.5µm
_2337_,147.16µm
net45,147.02µm
net570,146.72µm
clknet_leaf_32_clk,146.69µm
net528,146.37µm
net407,146.35µm
clknet_leaf_28_clk,146.12µm
net554,145.83µm
net416,145.675µm
net48,144.48µm
net434,144.41µm
net461,143.74µm
net285,143.595µm
net548,143.295µm
_1507_,143.24µm
net428,142.8µm
_1627_,142.72µm
clknet_leaf_29_clk,142.39µm
_2861_,142.32µm
clknet_leaf_19_clk,142.1µm
next_pc\[13\],141.94µm
clknet_leaf_26_clk,141.8µm
net547,141.56µm
net297,141.045µm
_1347_,140.86µm
net273,140.805µm
net60,140.24µm
net337,140.04µm
net286,139.59µm
_2336_,139.44µm
RF.registers\[12\]\[12\],138.91µm
net277,138.835µm
RF.registers\[12\]\[11\],138.82µm
clknet_leaf_14_clk,138.295µm
net436,138.16µm
RF.registers\[8\]\[7\],137.77µm
net276,137.275µm
clknet_3_3__leaf_clk,137.22µm
next_pc\[14\],136.68µm
_1669_,136.165µm
RF.registers\[12\]\[21\],135.84µm
net27,135.64µm
clknet_leaf_23_clk,135.44µm
_1361_,135.32µm
net440,135.27µm
net283,134.835µm
clknet_leaf_17_clk,134.24µm
net42,134.12µm
net35,133.15µm
net267,132.23µm
_2502_,131.99µm
RF.registers\[10\]\[6\],131.9µm
_1501_,131.27µm
_1729_,130.86µm
net266,130.815µm
clknet_leaf_31_clk,130.78µm
RF.registers\[10\]\[11\],130.52µm
net310,130.28µm
net66,130.075µm
net62,129.84µm
_1335_,129.585µm
_2653_,128.82µm
RF.registers\[12\]\[5\],128.5µm
_2775_,128.02µm
net290,127.68µm
_2617_,127.05µm
net328,126.4µm
net53,125.99µm
_2261_,125.84µm
net348,125.425µm
_1337_,124.96µm
net527,124.74µm
net409,124.72µm
net278,124.38µm
net281,124.165µm
_2332_,123.98µm
net566,123.75µm
RF.registers\[8\]\[3\],123.72µm
net321,123.3µm
_1252_,123.18µm
net65,123.1µm
net268,122.06µm
net324,121.595µm
net405,121.155µm
_2581_,120.3µm
net459,119.98µm
net274,119.67µm
RF.registers\[4\]\[6\],119.66µm
net443,119.4µm
RF.registers\[11\]\[7\],119.24µm
net329,118.9µm
_2865_,118.86µm
net322,118.81µm
_1253_,118.36µm
net379,118.19µm
_1268_,117.96µm
RF.registers\[12\]\[8\],117.74µm
_1598_,117.7µm
_2100_,117.62µm
_2698_,116.96µm
_2200_,116.56µm
net16,116.3µm
_1558_,116.08µm
_1708_,116.02µm
_2504_,115.52µm
_2818_,115.36µm
net356,115.06µm
net372,114.83µm
RF.registers\[10\]\[8\],114.51µm
_2724_,114.03µm
_2593_,113.9µm
net293,112.285µm
RF.registers\[12\]\[10\],112.12µm
_2547_,112.06µm
net272,111.99µm
RF.registers\[12\]\[27\],111.88µm
net569,111.82µm
_1991_,111.2µm
_1303_,110.98µm
net377,110.76µm
_1983_,110.62µm
_2327_,110.6µm
net343,110.42µm
RF.registers\[12\]\[9\],110.04µm
clknet_leaf_25_clk,110.02µm
RF.registers\[10\]\[4\],109.96µm
_2427_,109.58µm
_2803_,109.5µm
_1682_,109.41µm
_1584_,109.24µm
net323,109.21µm
_1947_,108.96µm
net415,108.94µm
net306,108.93µm
_2338_,108.88µm
net39,108.34µm
RF.registers\[12\]\[13\],108.28µm
net452,108.08µm
net504,108.035µm
_1863_,107.22µm
_1636_,107.21µm
net400,107.195µm
RF.registers\[12\]\[7\],106.98µm
net69,106.97µm
net284,106.845µm
net425,106.77µm
net269,105.995µm
net25,105.99µm
net359,105.3µm
net404,105.255µm
net408,104.89µm
_2269_,104.82µm
_1258_,104.6µm
net341,104.47µm
clknet_leaf_34_clk,104.08µm
net271,103.68µm
net292,103.665µm
_1776_,103.48µm
net419,103.385µm
RF.registers\[12\]\[1\],103.35µm
next_pc\[8\],103.23µm
_2708_,103.14µm
_1615_,102.87µm
_2477_,102.64µm
net20,102.1µm
_2116_,102.04µm
_2180_,101.98µm
RF.registers\[12\]\[3\],101.645µm
_1745_,101.3µm
_1497_,101.06µm
_2735_,100.91µm
net441,100.58µm
_1687_,100.36µm
RF.registers\[8\]\[12\],100.14µm
_2083_,100.04µm
_2563_,99.62µm
RF.registers\[13\]\[19\],99.4µm
RF.registers\[15\]\[3\],99.24µm
RF.registers\[12\]\[26\],99.2µm
_2751_,99.02µm
net282,98.92µm
net47,98.92µm
_2158_,98.79µm
net427,98.705µm
_2138_,98.665µm
_1630_,98.6µm
_1969_,98.52µm
_2123_,98.44µm
net363,98.415µm
net280,98.11µm
clknet_leaf_45_clk,97.82µm
_1803_,97.705µm
RF.registers\[13\]\[18\],97.5µm
net429,97.475µm
_1298_,97.42µm
_1321_,97.19µm
RF.registers\[3\]\[7\],96.3µm
RF.registers\[8\]\[11\],96.06µm
_1812_,95.9µm
_2682_,95.78µm
net287,95.645µm
_1565_,95.41µm
net296,94.97µm
RF.registers\[5\]\[6\],94.88µm
net421,94.635µm
net319,94.515µm
_1632_,94.5µm
_1290_,94.49µm
_1516_,94.36µm
_2262_,93.9µm
_1435_,93.8µm
RF.registers\[12\]\[28\],93.735µm
_2058_,93.38µm
RF.registers\[8\]\[13\],93.26µm
_2171_,92.82µm
_2030_,92.66µm
_1664_,92.38µm
_1675_,91.98µm
next_pc\[11\],91.96µm
_2131_,91.76µm
net64,91.24µm
_1491_,91.205µm
RF.registers\[2\]\[1\],91.2µm
DMEM.memory\[0\]\[29\],90.98µm
net422,90.385µm
_2246_,90.24µm
net294,89.81µm
_1363_,89.71µm
net457,89.22µm
net392,89µm
net567,88.98µm
_1304_,88.96µm
net275,88.565µm
net291,88.455µm
_1768_,88.42µm
net573,88.18µm
_2209_,88.16µm
_2195_,88.12µm
net21,87.91µm
net493,87.9µm
net374,87.48µm
_3130_,87.44µm
net399,87.22µm
_2731_,87.16µm
RF.registers\[3\]\[8\],87.085µm
net353,86.285µm
_1344_,85.77µm
_2066_,85.6µm
_2037_,85.52µm
_1563_,85.27µm
RF.registers\[11\]\[8\],85.24µm
net577,85.24µm
_2276_,85.12µm
_2879_,85.06µm
_1350_,84.98µm
next_pc\[9\],84.02µm
_2249_,83.92µm
RF.registers\[5\]\[27\],83.9µm
_2023_,83.86µm
net505,83.4µm
net458,83.22µm
_2225_,83.21µm
RF.registers\[10\]\[25\],82.64µm
net295,82.555µm
net365,81.98µm
net460,81.98µm
_2006_,81.78µm
RF.registers\[8\]\[22\],80.86µm
RF.registers\[10\]\[10\],80.84µm
_2187_,80.68µm
net578,80.54µm
_1360_,80.2µm
DMEM.memory\[0\]\[31\],80.18µm
_1357_,80.08µm
net52,79.95µm
_1589_,79.81µm
_2154_,79.535µm
_2102_,78.96µm
RF.registers\[3\]\[0\],78.7µm
_1348_,78.535µm
_2128_,78.4µm
_1503_,78.22µm
RF.registers\[8\]\[1\],78.1µm
RF.registers\[12\]\[4\],78.04µm
_2642_,78µm
_2488_,77.96µm
RF.registers\[8\]\[8\],77.92µm
RF.registers\[8\]\[10\],77.905µm
_2098_,77.72µm
net289,77.69µm
_2046_,77.42µm
net327,77.26µm
RF.registers\[12\]\[14\],76.94µm
_1994_,76.88µm
_1648_,76.86µm
_1342_,76.8µm
RF.registers\[9\]\[1\],76.74µm
_2499_,76.67µm
net507,76.2µm
RF.registers\[10\]\[13\],76.1µm
_1672_,76.08µm
net28,76.05µm
_2140_,75.97µm
_1623_,75.68µm
RF.registers\[8\]\[15\],73.82µm
_2205_,73.69µm
net71,73.52µm
net451,73.34µm
_1326_,73.26µm
next_pc\[10\],73.18µm
_1807_,72.92µm
_2137_,72.76µm
_2000_,72.64µm
_2280_,72.575µm
RF.registers\[11\]\[14\],72.565µm
_1540_,72.3µm
_1677_,71.72µm
net73,71.66µm
_2091_,71.24µm
_1427_,71.06µm
net29,71.01µm
_2783_,71µm
_2167_,70.88µm
RF.registers\[2\]\[15\],70.8µm
RF.registers\[10\]\[12\],70.665µm
RF.registers\[13\]\[25\],70.64µm
net352,70.64µm
_1256_,70.42µm
_1775_,70.32µm
net279,70.15µm
net1216,69.99µm
_1976_,69.86µm
_1355_,69.84µm
_2185_,69.72µm
RF.registers\[12\]\[24\],69.645µm
RF.registers\[12\]\[29\],69.635µm
_1310_,69.62µm
net456,69.26µm
_1369_,69µm
_1905_,68.52µm
RF.registers\[8\]\[20\],68.44µm
RF.registers\[3\]\[4\],68.11µm
_1543_,67.86µm
_1948_,67.76µm
_2656_,67.7µm
_1439_,67.54µm
_1330_,67.48µm
_2434_,67.42µm
_2408_,67.4µm
_2730_,67.28µm
_1794_,67.25µm
_2204_,67.24µm
_2840_,67.02µm
RF.registers\[10\]\[26\],66.9µm
RF.registers\[10\]\[22\],66.88µm
_2053_,66.86µm
_2491_,66.78µm
RF.registers\[10\]\[5\],66.57µm
_1684_,66.52µm
RF.registers\[11\]\[13\],66.18µm
RF.registers\[9\]\[0\],66.02µm
_2706_,66.02µm
_2828_,66.02µm
_1394_,65.86µm
RF.registers\[10\]\[20\],65.82µm
RF.registers\[2\]\[10\],65.62µm
_2309_,65.3µm
_1817_,65.24µm
_2109_,65.18µm
RF.registers\[10\]\[30\],65µm
_2176_,64.86µm
RF.registers\[13\]\[29\],64.84µm
RF.registers\[11\]\[15\],64.76µm
RF.registers\[10\]\[7\],64.66µm
RF.registers\[3\]\[6\],64.56µm
RF.registers\[12\]\[0\],64.08µm
_1670_,63.98µm
net424,63.915µm
RF.registers\[13\]\[14\],63.68µm
_1270_,63.38µm
RF.registers\[13\]\[20\],63.255µm
_1735_,63.08µm
_2876_,63.08µm
RF.registers\[10\]\[24\],62.88µm
_1380_,62.88µm
_3133_,62.82µm
_1960_,62.8µm
RF.registers\[15\]\[10\],61.8µm
_2049_,61.76µm
DMEM.memory\[0\]\[23\],61.72µm
RF.registers\[8\]\[2\],61.5µm
_2511_,61.27µm
_2265_,61.26µm
_1604_,60.91µm
_1505_,60.7µm
RF.registers\[9\]\[25\],60.68µm
_2076_,60.54µm
next_pc\[18\],60.54µm
_1492_,60.46µm
RF.registers\[2\]\[0\],60.12µm
net33,60.04µm
net1204,59.98µm
_3123_,59.9µm
_1707_,59.86µm
_1594_,59.82µm
_2604_,59.72µm
_2281_,59.71µm
DMEM.memory\[0\]\[7\],59.46µm
net382,59.28µm
_1535_,59.24µm
net46,59.08µm
net54,59.08µm
_1928_,59.04µm
RF.registers\[12\]\[6\],59.02µm
_1449_,58.96µm
net31,58.9µm
net413,58.7µm
_2509_,58.7µm
RF.registers\[9\]\[22\],58.66µm
_2099_,58.62µm
_2531_,58.54µm
RF.registers\[2\]\[21\],58.42µm
RF.registers\[8\]\[4\],58.24µm
_2765_,58.24µm
_1402_,58.02µm
DMEM.memory\[0\]\[30\],57.745µm
_2444_,57.74µm
_2516_,57.74µm
RF.registers\[10\]\[27\],57.66µm
net68,57.66µm
_1418_,57.62µm
_2172_,57.56µm
_2106_,57.48µm
RF.registers\[13\]\[6\],57.46µm
_2443_,57.46µm
DMEM.memory\[0\]\[5\],57.365µm
RF.registers\[8\]\[0\],57.34µm
_2788_,57.275µm
RF.registers\[4\]\[22\],56.915µm
net462,56.815µm
_2294_,56.54µm
next_pc\[20\],56.54µm
_2215_,56.4µm
_2217_,56.38µm
RF.registers\[3\]\[5\],56.305µm
_2078_,56.24µm
_2498_,56.18µm
_1408_,56.03µm
RF.registers\[12\]\[2\],56µm
_2292_,55.88µm
RF.registers\[13\]\[21\],55.84µm
_1450_,55.82µm
RF.registers\[11\]\[11\],55.72µm
_1964_,55.33µm
RF.registers\[3\]\[28\],55.16µm
_2733_,55.16µm
_1780_,55.14µm
_2321_,54.98µm
net300,54.97µm
_1414_,54.92µm
_1433_,54.915µm
RF.registers\[15\]\[11\],54.88µm
DMEM.memory\[0\]\[24\],54.84µm
_1954_,54.82µm
net41,54.74µm
_1443_,54.71µm
_2877_,54.55µm
net402,54.52µm
RF.registers\[3\]\[22\],54.38µm
_1364_,54.32µm
net574,54.14µm
_1334_,54.125µm
RF.registers\[2\]\[6\],54.08µm
DMEM.memory\[0\]\[27\],54.06µm
net533,54.02µm
_1287_,53.72µm
_2223_,53.56µm
RF.registers\[15\]\[30\],53.505µm
_1438_,53.48µm
_1431_,53.44µm
DMEM.memory\[0\]\[3\],53.24µm
_2081_,53.2µm
next_pc\[15\],52.74µm
_2423_,52.7µm
RF.registers\[5\]\[5\],52.64µm
RF.registers\[13\]\[8\],52.52µm
next_pc\[25\],52.44µm
RF.registers\[10\]\[1\],52.4µm
net43,52.34µm
net67,52.34µm
net22,51.94µm
RF.registers\[11\]\[23\],51.88µm
RF.registers\[16\]\[14\],51.84µm
_2428_,51.78µm
_2026_,51.68µm
_1406_,51.48µm
_1888_,51.04µm
_2054_,51.04µm
_2211_,51.03µm
RF.registers\[2\]\[14\],50.98µm
_2319_,50.865µm
_1913_,50.74µm
_2089_,50.68µm
RF.registers\[9\]\[14\],50.62µm
_1470_,50.58µm
_2569_,50.54µm
RF.registers\[12\]\[15\],50.48µm
RF.registers\[4\]\[28\],50.375µm
RF.registers\[15\]\[20\],50.26µm
RF.registers\[2\]\[13\],50.1µm
_2126_,49.96µm
_2105_,49.66µm
_2090_,49.56µm
RF.registers\[10\]\[9\],49.32µm
RF.registers\[13\]\[17\],49.24µm
_2652_,49.08µm
_1520_,48.98µm
_2679_,48.96µm
RF.registers\[16\]\[17\],48.92µm
_1962_,48.92µm
_1546_,48.8µm
RF.registers\[5\]\[31\],48.76µm
_1353_,48.72µm
_2228_,48.65µm
_1299_,48.56µm
_1930_,48.52µm
RF.registers\[15\]\[18\],48.4µm
_2247_,48.26µm
_1354_,48.24µm
_2201_,48.2µm
RF.registers\[9\]\[6\],48.02µm
net234,47.88µm
_1534_,47.775µm
_2278_,47.53µm
next_pc\[17\],47.44µm
RF.registers\[4\]\[4\],47.34µm
net58,47.34µm
RF.registers\[10\]\[0\],47.24µm
_2579_,47.24µm
RF.registers\[11\]\[6\],47.22µm
_2760_,47.14µm
RF.registers\[10\]\[29\],47.04µm
RF.registers\[3\]\[9\],46.845µm
RF.registers\[11\]\[26\],46.7µm
_3135_,46.6µm
_1397_,46.56µm
RF.registers\[16\]\[31\],46.48µm
_2568_,46.48µm
RF.registers\[4\]\[9\],46.38µm
_3122_,46.24µm
_2022_,46.18µm
_1424_,46.14µm
_2149_,46.1µm
RF.registers\[12\]\[30\],45.98µm
RF.registers\[10\]\[2\],45.88µm
_2445_,45.86µm
RF.registers\[8\]\[17\],45.8µm
_2738_,45.78µm
RF.registers\[9\]\[21\],45.75µm
RF.registers\[10\]\[14\],45.705µm
_2213_,45.64µm
next_pc\[16\],45.625µm
DMEM.memory\[0\]\[26\],45.6µm
_1809_,45.565µm
DMEM.memory\[0\]\[16\],45.54µm
_1495_,45.52µm
RF.registers\[8\]\[30\],45.46µm
_1527_,45.46µm
_2155_,45.26µm
_2641_,45.205µm
_2192_,45.16µm
_1277_,45.12µm
RF.registers\[4\]\[31\],45.065µm
RF.registers\[10\]\[31\],45.06µm
_2809_,45.03µm
pc_out[29],44.81µm
_1720_,44.55µm
pc_out[23],44.44µm
RF.registers\[13\]\[30\],44.405µm
_2437_,44.38µm
_2016_,44.36µm
_1979_,44.26µm
RF.registers\[4\]\[14\],44.16µm
RF.registers\[12\]\[31\],44.12µm
_1692_,44.02µm
_1328_,44µm
RF.registers\[3\]\[2\],43.88µm
RF.registers\[3\]\[31\],43.88µm
RF.registers\[13\]\[31\],43.76µm
_2122_,43.44µm
_2451_,43.36µm
next_pc\[19\],43.245µm
RF.registers\[3\]\[25\],43.225µm
RF.registers\[15\]\[27\],42.76µm
_2238_,42.755µm
_1537_,42.74µm
_1770_,42.74µm
_2419_,42.68µm
_2193_,42.66µm
_2097_,42.52µm
_1773_,42.48µm
_2207_,42.42µm
RF.registers\[13\]\[1\],42.38µm
_1461_,42.3µm
net572,42.22µm
_1295_,42.22µm
_2562_,42.16µm
net564,42.08µm
_1511_,42.02µm
_1416_,41.98µm
RF.registers\[3\]\[27\],41.805µm
RF.registers\[5\]\[25\],41.58µm
_2162_,41.42µm
RF.registers\[13\]\[12\],41.415µm
_1923_,41.41µm
RF.registers\[2\]\[12\],41.335µm
_2052_,41.32µm
_1949_,41.19µm
RF.registers\[8\]\[19\],41.16µm
_1510_,41.12µm
RF.registers\[13\]\[24\],41.085µm
_2159_,41.08µm
net1101,40.9µm
_1963_,40.9µm
net455,40.9µm
_2508_,40.7µm
_1717_,40.66µm
RF.registers\[16\]\[18\],40.62µm
next_pc\[5\],40.46µm
alu_result_out[31],40.41µm
_1430_,40.36µm
_2694_,40.28µm
_2277_,40.18µm
_3134_,39.94µm
RF.registers\[16\]\[19\],39.86µm
RF.registers\[9\]\[31\],39.86µm
RF.registers\[16\]\[30\],39.72µm
RF.registers\[4\]\[5\],39.66µm
_2317_,39.38µm
RF.registers\[4\]\[30\],39.24µm
_2198_,39.16µm
_2206_,39.16µm
RF.registers\[4\]\[13\],39.14µm
RF.registers\[13\]\[22\],39.04µm
RF.registers\[15\]\[24\],39µm
RF.registers\[2\]\[24\],38.96µm
RF.registers\[9\]\[2\],38.96µm
_1932_,38.94µm
RF.registers\[8\]\[24\],38.86µm
_2146_,38.84µm
_2438_,38.82µm
_2603_,38.78µm
net1169,38.74µm
_1333_,38.74µm
RF.registers\[16\]\[20\],38.7µm
_2235_,38.54µm
_2526_,38.49µm
pc_out[0],38.46µm
_2791_,38.42µm
DMEM.memory\[0\]\[12\],38.38µm
RF.registers\[2\]\[29\],38.34µm
RF.registers\[4\]\[0\],38.34µm
_2139_,38.34µm
_1512_,38.3µm
RF.registers\[4\]\[7\],38.28µm
RF.registers\[5\]\[12\],38.105µm
RF.registers\[4\]\[29\],38.09µm
_1396_,37.94µm
RF.registers\[3\]\[11\],37.92µm
RF.registers\[15\]\[13\],37.86µm
RF.registers\[16\]\[29\],37.78µm
_2038_,37.78µm
RF.registers\[10\]\[16\],37.66µm
_2478_,37.62µm
_2545_,37.585µm
_1973_,37.58µm
_1314_,37.28µm
pc_out[24],37.27µm
RF.registers\[9\]\[8\],37.18µm
_2639_,37.14µm
_2104_,37.12µm
_2257_,37.08µm
_2010_,37.02µm
_2179_,37.02µm
_1262_,36.9µm
RF.registers\[13\]\[3\],36.8µm
_2316_,36.6µm
_1629_,36.54µm
_2456_,36.32µm
RF.registers\[3\]\[13\],36.24µm
_2013_,36.2µm
_1389_,36.01µm
net1100,35.92µm
RF.registers\[3\]\[15\],35.9µm
_1663_,35.86µm
_2628_,35.84µm
_2113_,35.74µm
_2264_,35.72µm
_1982_,35.56µm
RF.registers\[2\]\[18\],35.52µm
_1953_,35.36µm
_1957_,35.18µm
_1649_,35.16µm
_2065_,35.16µm
net492,34.98µm
_1787_,34.92µm
_1576_,34.84µm
_2039_,34.76µm
_2314_,34.76µm
_2312_,34.6µm
_2069_,34.57µm
RF.registers\[2\]\[26\],34.525µm
_2208_,34.5µm
_2045_,34.42µm
RF.registers\[8\]\[18\],34.37µm
RF.registers\[3\]\[12\],34.36µm
RF.registers\[10\]\[17\],34.3µm
RF.registers\[3\]\[14\],34.3µm
_2293_,34.26µm
_2646_,34.24µm
_2435_,34.075µm
_2290_,34.04µm
net1167,33.94µm
pc_out[28],33.93µm
_1696_,33.88µm
_2671_,33.88µm
net454,33.86µm
_1526_,33.86µm
_1961_,33.86µm
_2739_,33.86µm
_1400_,33.78µm
RF.registers\[16\]\[21\],33.725µm
_1545_,33.72µm
_2431_,33.7µm
RF.registers\[16\]\[16\],33.68µm
_2669_,33.68µm
_1523_,33.56µm
_1477_,33.55µm
RF.registers\[9\]\[28\],33.5µm
_2670_,33.44µm
_2150_,33.3µm
pc_out[31],33.25µm
_1772_,33.24µm
_2452_,33.22µm
_1753_,33.08µm
_1975_,33.06µm
_2484_,33.02µm
_2483_,33.005µm
RF.registers\[9\]\[29\],33µm
_1483_,32.94µm
RF.registers\[2\]\[27\],32.8µm
_1508_,32.7µm
RF.registers\[13\]\[2\],32.58µm
_2021_,32.5µm
_2707_,32.5µm
RF.registers\[10\]\[23\],32.46µm
RF.registers\[1\]\[2\],32.26µm
net1212,32.24µm
_2286_,32.23µm
RF.registers\[13\]\[9\],32.2µm
RF.registers\[2\]\[5\],32.16µm
RF.registers\[16\]\[23\],32.14µm
_2773_,32.105µm
RF.registers\[10\]\[15\],32µm
_2457_,32µm
alu_result_out[8],31.97µm
net565,31.92µm
RF.registers\[1\]\[16\],31.86µm
_2092_,31.86µm
net557,31.84µm
next_pc\[22\],31.82µm
_1279_,31.77µm
_1767_,31.66µm
RF.registers\[1\]\[8\],31.62µm
_2175_,31.56µm
RF.registers\[8\]\[27\],31.54µm
_2251_,31.5µm
RF.registers\[2\]\[30\],31.48µm
RF.registers\[3\]\[29\],31.44µm
_2143_,31.42µm
net1213,31.38µm
RF.registers\[4\]\[25\],31.335µm
RF.registers\[1\]\[9\],31.3µm
RF.registers\[8\]\[29\],31.3µm
RF.registers\[2\]\[3\],31.24µm
pc_out[30],31.21µm
RF.registers\[11\]\[17\],31.16µm
_1762_,31.14µm
RF.registers\[9\]\[27\],31.12µm
_1806_,30.985µm
RF.registers\[3\]\[1\],30.9µm
_1479_,30.84µm
RF.registers\[9\]\[23\],30.82µm
pc_out[2],30.8µm
pc_out[16],30.8µm
pc_out[9],30.8µm
_1415_,30.62µm
_1915_,30.62µm
RF.registers\[3\]\[24\],30.615µm
_2432_,30.54µm
net1148,30.4µm
alu_result_out[1],30.38µm
_2471_,30.34µm
_1766_,30.32µm
_2658_,30.28µm
RF.registers\[3\]\[30\],30.16µm
RF.registers\[9\]\[30\],30.16µm
_2743_,30.16µm
net556,30.14µm
RF.registers\[10\]\[3\],30.12µm
RF.registers\[4\]\[18\],30.045µm
_2222_,29.92µm
_2418_,29.9µm
RF.registers\[5\]\[28\],29.86µm
_2439_,29.705µm
_1917_,29.7µm
RF.registers\[11\]\[25\],29.68µm
_2310_,29.68µm
_2048_,29.64µm
_2422_,29.62µm
DMEM.memory\[23\]\[16\],29.6µm
_1311_,29.465µm
RF.registers\[4\]\[24\],29.435µm
pc_out[11],29.42µm
pc_out[13],29.42µm
pc_out[17],29.42µm
pc_out[19],29.42µm
pc_out[20],29.42µm
pc_out[4],29.42µm
pc_out[6],29.42µm
_1732_,29.42µm
_2036_,29.42µm
pc_out[10],29.42µm
pc_out[12],29.42µm
pc_out[14],29.42µm
pc_out[18],29.42µm
pc_out[21],29.42µm
pc_out[3],29.42µm
net549,29.42µm
pc_out[7],29.42µm
net582,29.41µm
_1300_,29.4µm
_1922_,29.375µm
_2101_,29.3µm
_1786_,29.24µm
RF.registers\[13\]\[4\],29.16µm
_2839_,29.14µm
_2878_,29.08µm
_1673_,29.04µm
_2875_,28.76µm
net581,28.73µm
_1460_,28.7µm
_1366_,28.66µm
net70,28.64µm
_1476_,28.62µm
_1676_,28.56µm
pc_out[15],28.5µm
pc_out[8],28.5µm
_2186_,28.5µm
pc_out[1],28.5µm
_2188_,28.495µm
_1937_,28.455µm
_1465_,28.42µm
_2071_,28.42µm
_2489_,28.36µm
_1515_,28.34µm
_2093_,28.32µm
net1107,28.28µm
net568,28.275µm
instruction_out[15],28.15µm
_1296_,28.08µm
RF.registers\[2\]\[28\],28.04µm
_1551_,28.04µm
_2325_,28µm
_1805_,27.96µm
_1413_,27.84µm
instruction_out[11],27.81µm
instruction_out[13],27.81µm
instruction_out[4],27.81µm
net518,27.81µm
instruction_out[8],27.81µm
pc_out[26],27.81µm
instruction_out[10],27.81µm
instruction_out[12],27.81µm
instruction_out[14],27.81µm
instruction_out[2],27.81µm
net515,27.81µm
instruction_out[5],27.81µm
instruction_out[7],27.81µm
instruction_out[9],27.81µm
net539,27.81µm
_1667_,27.78µm
_1935_,27.7µm
_2015_,27.7µm
RF.registers\[4\]\[16\],27.58µm
_1697_,27.47µm
_2705_,27.44µm
DMEM.memory\[0\]\[8\],27.365µm
_1315_,27.36µm
_2148_,27.36µm
RF.registers\[9\]\[3\],27.28µm
DMEM.memory\[12\]\[7\],27.24µm
RF.registers\[4\]\[27\],27.225µm
_2592_,27.22µm
RF.registers\[11\]\[4\],27.2µm
RF.registers\[13\]\[0\],27.2µm
_1332_,27.14µm
_2134_,27.12µm
_3126_,27.1µm
_1978_,27.06µm
net76,27.02µm
RF.registers\[2\]\[4\],26.98µm
_2629_,26.98µm
_1481_,26.88µm
RF.registers\[8\]\[26\],26.82µm
_1763_,26.785µm
RF.registers\[8\]\[28\],26.76µm
RF.registers\[3\]\[17\],26.68µm
pc_out[22],26.66µm
instruction_out[22],26.62µm
_1755_,26.6µm
net256,26.6µm
RF.registers\[8\]\[25\],26.46µm
pc_out[27],26.45µm
RF.registers\[3\]\[20\],26.44µm
net1122,26.44µm
alu_result_out[0],26.38µm
RF.registers\[4\]\[15\],26.325µm
_2620_,26.28µm
net501,26.28µm
_1538_,26.18µm
_1778_,26.18µm
_1921_,26.14µm
_1445_,26.125µm
_1280_,26.12µm
RF.registers\[4\]\[2\],26.065µm
_1378_,26.06µm
_1410_,26.06µm
RF.registers\[13\]\[13\],26.02µm
RF.registers\[8\]\[9\],26.02µm
_1412_,25.98µm
_2289_,25.98µm
RF.registers\[11\]\[19\],25.9µm
net72,25.9µm
RF.registers\[1\]\[22\],25.84µm
_1653_,25.82µm
_1999_,25.76µm
RF.registers\[11\]\[9\],25.74µm
_1967_,25.68µm
_2482_,25.6µm
_2267_,25.48µm
_1722_,25.42µm
_2227_,25.415µm
RF.registers\[5\]\[29\],25.4µm
_2837_,25.34µm
RF.registers\[8\]\[31\],25.275µm
RF.registers\[8\]\[14\],25.2µm
RF.registers\[10\]\[21\],25.06µm
net559,25.06µm
_1422_,25.04µm
_2095_,24.975µm
_2152_,24.94µm
net1136,24.94µm
_1992_,24.93µm
_2008_,24.9µm
_2283_,24.9µm
_1556_,24.84µm
RF.registers\[2\]\[25\],24.82µm
RF.registers\[13\]\[10\],24.8µm
_1650_,24.78µm
_1802_,24.72µm
RF.registers\[13\]\[5\],24.66µm
_2793_,24.66µm
RF.registers\[3\]\[3\],24.64µm
RF.registers\[5\]\[23\],24.6µm
net508,24.54µm
_2311_,24.44µm
_2493_,24.44µm
_2074_,24.42µm
DMEM.memory\[15\]\[7\],24.3µm
_2570_,24.3µm
_1750_,24.26µm
DMEM.memory\[0\]\[20\],24.18µm
RF.registers\[5\]\[14\],24.16µm
_1387_,24.12µm
_1548_,24.08µm
_1539_,24.06µm
RF.registers\[8\]\[21\],23.94µm
RF.registers\[9\]\[15\],23.84µm
net502,23.84µm
_2665_,23.76µm
_1740_,23.68µm
_1626_,23.66µm
RF.registers\[10\]\[18\],23.5µm
_1531_,23.5µm
_1798_,23.44µm
_2302_,23.44µm
_2454_,23.42µm
_2636_,23.38µm
RF.registers\[3\]\[16\],23.28µm
_1719_,23.26µm
_2174_,23.24µm
RF.registers\[2\]\[20\],23.2µm
_1381_,23.14µm
net1040,23.14µm
RF.registers\[3\]\[23\],23.135µm
_1820_,23.12µm
RF.registers\[13\]\[23\],23.08µm
_1710_,23.07µm
_1757_,23.04µm
_1945_,23.04µm
RF.registers\[15\]\[21\],23.02µm
_2789_,23µm
RF.registers\[8\]\[16\],22.975µm
_2772_,22.96µm
_1484_,22.92µm
net38,22.92µm
_1251_,22.88µm
_1674_,22.86µm
_2685_,22.84µm
_2745_,22.76µm
_1305_,22.735µm
net1181,22.72µm
_1521_,22.7µm
DMEM.memory\[29\]\[16\],22.66µm
_1998_,22.62µm
DMEM.memory\[13\]\[7\],22.6µm
_2028_,22.52µm
_2561_,22.5µm
_1816_,22.48µm
_2258_,22.46µm
_2436_,22.38µm
_2469_,22.375µm
net1088,22.35µm
_2233_,22.3µm
_2721_,22.3µm
RF.registers\[5\]\[24\],22.26µm
_1301_,22.245µm
_2455_,22.24µm
DMEM.memory\[20\]\[16\],22.235µm
_1276_,22.22µm
net1145,22.2µm
net1102,22.2µm
_2714_,22.19µm
DMEM.memory\[2\]\[27\],22.18µm
_1338_,22.175µm
RF.registers\[13\]\[11\],22.16µm
RF.registers\[13\]\[15\],22.14µm
_1634_,22.14µm
_2690_,22.12µm
alu_result_out[18],22.11µm
RF.registers\[8\]\[5\],22.04µm
net1106,21.86µm
RF.registers\[8\]\[23\],21.84µm
_1261_,21.84µm
_2114_,21.84µm
_2453_,21.82µm
RF.registers\[16\]\[4\],21.8µm
_1679_,21.8µm
alu_result_out[30],21.77µm
alu_result_out[12],21.77µm
alu_result_out[24],21.77µm
_2124_,21.68µm
net503,21.68µm
net509,21.68µm
_2285_,21.56µm
_1444_,21.54µm
net1151,21.52µm
RF.registers\[2\]\[19\],21.46µm
_2181_,21.45µm
RF.registers\[4\]\[12\],21.44µm
_1647_,21.42µm
_1781_,21.42µm
RF.registers\[10\]\[19\],21.38µm
_2284_,21.38µm
_2529_,21.36µm
_1704_,21.32µm
_1789_,21.32µm
_1942_,21.26µm
_2183_,21.26µm
_1329_,21.22µm
_2868_,21.22µm
RF.registers\[13\]\[7\],21.2µm
RF.registers\[2\]\[9\],21.2µm
RF.registers\[3\]\[21\],21.195µm
_1987_,21.14µm
DMEM.memory\[31\]\[16\],21.12µm
alu_result_out[16],21.09µm
alu_result_out[14],21.09µm
alu_result_out[20],21.09µm
alu_result_out[22],21.09µm
alu_result_out[26],21.09µm
alu_result_out[28],21.09µm
alu_result_out[10],21.09µm
_1343_,21.08µm
_1602_,21.04µm
DMEM.memory\[19\]\[16\],21µm
_1827_,20.96µm
net561,20.92µm
net1098,20.9µm
_1782_,20.88µm
_1700_,20.86µm
_1748_,20.86µm
RF.registers\[16\]\[15\],20.75µm
alu_result_out[25],20.75µm
instruction_out[28],20.7µm
net390,20.7µm
_1652_,20.66µm
_2414_,20.66µm
_0003_,20.61µm
_1908_,20.57µm
_2510_,20.56µm
DMEM.memory\[16\]\[12\],20.52µm
RF.registers\[16\]\[22\],20.52µm
_1758_,20.44µm
alu_result_out[19],20.41µm
_2254_,20.4µm
_1255_,20.38µm
_1824_,20.38µm
RF.registers\[11\]\[29\],20.36µm
_1419_,20.36µm
_2622_,20.36µm
net488,20.3µm
alu_result_out[5],20.3µm
instruction_out[20],20.3µm
instruction_out[26],20.3µm
instruction_out[30],20.3µm
alu_result_out[2],20.3µm
alu_result_out[4],20.3µm
instruction_out[21],20.3µm
instruction_out[27],20.3µm
RF.registers\[16\]\[12\],20.26µm
_2558_,20.22µm
_2184_,20.18µm
_2142_,20.16µm
_2720_,20.16µm
DMEM.memory\[16\]\[16\],20.04µm
RF.registers\[4\]\[8\],20.04µm
_2849_,20.01µm
DMEM.memory\[0\]\[9\],19.92µm
RF.registers\[4\]\[11\],19.86µm
_2480_,19.84µm
_2055_,19.76µm
RF.registers\[1\]\[28\],19.74µm
_2425_,19.74µm
alu_result_out[21],19.73µm
alu_result_out[23],19.73µm
alu_result_out[27],19.73µm
alu_result_out[29],19.73µm
alu_result_out[9],19.73µm
alu_result_out[13],19.73µm
alu_result_out[11],19.73µm
alu_result_out[15],19.73µm
alu_result_out[17],19.73µm
_1821_,19.7µm
DMEM.memory\[3\]\[26\],19.66µm
_1990_,19.64µm
_1907_,19.62µm
_2252_,19.62µm
DMEM.memory\[8\]\[17\],19.58µm
_1958_,19.56µm
RF.registers\[15\]\[29\],19.54µm
_2027_,19.52µm
_1714_,19.5µm
RF.registers\[16\]\[8\],19.44µm
DMEM.memory\[11\]\[7\],19.42µm
instruction_out[17],19.38µm
net1121,19.38µm
RF.registers\[4\]\[3\],19.325µm
DMEM.memory\[0\]\[25\],19.32µm
DMEM.memory\[1\]\[27\],19.32µm
net1221,19.28µm
_1901_,19.235µm
_2226_,19.2µm
net794,19.185µm
_1275_,19.18µm
RF.registers\[11\]\[16\],19.16µm
net563,19.15µm
DMEM.memory\[14\]\[7\],19.12µm
net1109,19.12µm
net1144,19.1µm
_1307_,19.1µm
_2858_,19.08µm
_1482_,19.02µm
net753,18.945µm
_2270_,18.92µm
_2796_,18.92µm
_2067_,18.88µm
_2196_,18.88µm
_2112_,18.86µm
_1743_,18.84µm
_1939_,18.84µm
RF.registers\[4\]\[26\],18.835µm
DMEM.memory\[0\]\[4\],18.74µm
_1498_,18.74µm
_2272_,18.7µm
_2696_,18.7µm
next_pc\[31\],18.7µm
net,18.68µm
net579,18.68µm
net580,18.68µm
_1555_,18.6µm
_2240_,18.54µm
_2002_,18.48µm
RF.registers\[9\]\[10\],18.455µm
_2684_,18.44µm
RF.registers\[3\]\[26\],18.365µm
_1731_,18.34µm
RF.registers\[11\]\[31\],18.32µm
_2132_,18.32µm
DMEM.memory\[4\]\[12\],18.3µm
RF.registers\[16\]\[1\],18.28µm
net1152,18.26µm
_1718_,18.26µm
_2056_,18.26µm
RF.registers\[13\]\[26\],18.22µm
_1259_,18.2µm
DMEM.memory\[19\]\[8\],18.125µm
RF.registers\[15\]\[19\],18.12µm
_1826_,18.1µm
_2746_,18.06µm
_2851_,18.02µm
instruction_out[23],18µm
DMEM.memory\[24\]\[23\],17.98µm
RF.registers\[9\]\[24\],17.98µm
DMEM.memory\[19\]\[12\],17.94µm
_1804_,17.84µm
_1854_,17.82µm
_1388_,17.8µm
_1514_,17.8µm
_2263_,17.78µm
net1132,17.76µm
DMEM.memory\[2\]\[14\],17.66µm
_1365_,17.64µm
_1425_,17.64µm
DMEM.memory\[11\]\[16\],17.6µm
RF.registers\[5\]\[2\],17.6µm
RF.registers\[4\]\[17\],17.545µm
alu_result_out[6],17.54µm
RF.registers\[9\]\[9\],17.5µm
_2448_,17.48µm
net978,17.46µm
RF.registers\[4\]\[1\],17.405µm
DMEM.memory\[31\]\[29\],17.4µm
RF.registers\[4\]\[10\],17.4µm
_1529_,17.4µm
_2111_,17.4µm
_1925_,17.38µm
_2040_,17.32µm
_1441_,17.3µm
RF.registers\[3\]\[19\],17.26µm
DMEM.memory\[21\]\[16\],17.18µm
DMEM.memory\[0\]\[28\],17.16µm
_2291_,17.12µm
next_pc\[27\],17.1µm
DMEM.memory\[3\]\[18\],17.04µm
_1784_,17.04µm
net1207,17.02µm
_2103_,17µm
next_pc\[29\],17µm
net768,16.975µm
RF.registers\[16\]\[9\],16.96µm
_1260_,16.91µm
_2519_,16.9µm
_1688_,16.84µm
_2241_,16.8µm
_2686_,16.8µm
_1724_,16.785µm
DMEM.memory\[19\]\[23\],16.78µm
DMEM.memory\[29\]\[3\],16.78µm
DMEM.memory\[3\]\[25\],16.74µm
_2503_,16.74µm
RF.registers\[13\]\[28\],16.7µm
_1358_,16.7µm
DMEM.memory\[1\]\[16\],16.66µm
_1785_,16.635µm
_1741_,16.605µm
RF.registers\[5\]\[30\],16.6µm
_2847_,16.6µm
net1105,16.58µm
net638,16.565µm
DMEM.memory\[11\]\[12\],16.56µm
_2619_,16.5µm
DMEM.memory\[18\]\[23\],16.48µm
RF.registers\[9\]\[20\],16.48µm
_1411_,16.48µm
net369,16.48µm
_2216_,16.42µm
_1500_,16.4µm
_2667_,16.38µm
DMEM.memory\[2\]\[25\],16.365µm
_2574_,16.36µm
_1666_,16.34µm
_1272_,16.3µm
_2664_,16.3µm
DMEM.memory\[22\]\[16\],16.26µm
DMEM.memory\[28\]\[29\],16.26µm
net705,16.225µm
net723,16.225µm
DMEM.memory\[3\]\[4\],16.22µm
RF.registers\[16\]\[6\],16.2µm
net1127,16.16µm
_1727_,16.16µm
_2468_,16.16µm
DMEM.memory\[29\]\[29\],16.14µm
_1709_,16.14µm
RF.registers\[2\]\[16\],16.06µm
_2297_,16.03µm
_2573_,16µm
_2802_,15.98µm
RF.registers\[4\]\[19\],15.955µm
_1423_,15.95µm
_2481_,15.92µm
RF.registers\[16\]\[3\],15.88µm
DMEM.memory\[21\]\[23\],15.82µm
DMEM.memory\[0\]\[19\],15.8µm
net1042,15.74µm
_2242_,15.72µm
_1367_,15.68µm
DMEM.memory\[3\]\[27\],15.62µm
_1485_,15.6µm
_2007_,15.58µm
_2740_,15.56µm
net832,15.545µm
_2079_,15.52µm
next_pc\[28\],15.52µm
RF.registers\[11\]\[2\],15.48µm
RF.registers\[5\]\[1\],15.48µm
_2536_,15.41µm
RF.registers\[1\]\[12\],15.4µm
net517,15.4µm
net822,15.345µm
_1823_,15.34µm
RF.registers\[16\]\[5\],15.32µm
net1092,15.32µm
_1631_,15.32µm
_2761_,15.3µm
_1429_,15.28µm
_2462_,15.26µm
RF.registers\[1\]\[13\],15.22µm
_2442_,15.22µm
_2512_,15.2µm
DMEM.memory\[11\]\[17\],15.18µm
_2616_,15.18µm
_2807_,15.18µm
_2279_,15.14µm
DMEM.memory\[2\]\[22\],15.12µm
RF.registers\[4\]\[20\],15.12µm
RF.registers\[1\]\[14\],15.1µm
_1432_,15.1µm
DMEM.memory\[17\]\[17\],15.06µm
_2268_,15.04µm
_2487_,15.02µm
DMEM.memory\[0\]\[22\],14.965µm
_0070_,14.96µm
_2500_,14.96µm
RF.registers\[2\]\[31\],14.94µm
_2578_,14.92µm
_1886_,14.88µm
RF.registers\[16\]\[11\],14.84µm
_1760_,14.84µm
RF.registers\[1\]\[27\],14.81µm
_2244_,14.8µm
RF.registers\[16\]\[2\],14.78µm
RF.registers\[5\]\[21\],14.78µm
_1417_,14.78µm
_2660_,14.78µm
RF.registers\[4\]\[21\],14.76µm
_2024_,14.76µm
DMEM.memory\[2\]\[13\],14.72µm
DMEM.memory\[1\]\[24\],14.64µm
DMEM.memory\[4\]\[17\],14.64µm
DMEM.memory\[4\]\[7\],14.64µm
_2473_,14.64µm
_1698_,14.63µm
RF.registers\[15\]\[25\],14.56µm
_2322_,14.56µm
_2716_,14.56µm
_1488_,14.48µm
_1795_,14.46µm
_2082_,14.46µm
DMEM.memory\[25\]\[23\],14.44µm
DMEM.memory\[9\]\[17\],14.44µm
RF.registers\[5\]\[16\],14.42µm
net1082,14.42µm
_2318_,14.42µm
DMEM.memory\[29\]\[13\],14.38µm
RF.registers\[16\]\[13\],14.36µm
RF.registers\[11\]\[22\],14.34µm
_1351_,14.34µm
DMEM.memory\[12\]\[12\],14.32µm
_1701_,14.32µm
_1931_,14.32µm
_2300_,14.32µm
net715,14.245µm
net819,14.245µm
_2459_,14.22µm
_2612_,14.22µm
net831,14.205µm
DMEM.memory\[1\]\[4\],14.2µm
DMEM.memory\[23\]\[7\],14.2µm
_1359_,14.18µm
RF.registers\[11\]\[10\],14.16µm
DMEM.memory\[27\]\[17\],14.14µm
DMEM.memory\[0\]\[0\],14.12µm
RF.registers\[9\]\[7\],14.1µm
_1665_,14.1µm
_1733_,14.1µm
net1067,14.08µm
DMEM.memory\[2\]\[23\],14.02µm
RF.registers\[2\]\[8\],14µm
RF.registers\[5\]\[9\],14µm
_1506_,13.96µm
DMEM.memory\[10\]\[23\],13.9µm
RF.registers\[3\]\[18\],13.9µm
RF.registers\[11\]\[27\],13.88µm
_2826_,13.88µm
DMEM.memory\[18\]\[17\],13.86µm
_1440_,13.86µm
_2627_,13.86µm
net954,13.86µm
net1085,13.84µm
_1916_,13.84µm
_2170_,13.84µm
_2415_,13.81µm
net1055,13.78µm
_2590_,13.76µm
_1608_,13.755µm
net683,13.725µm
net927,13.7µm
_2084_,13.7µm
DMEM.memory\[26\]\[7\],13.68µm
RF.registers\[1\]\[17\],13.68µm
RF.registers\[2\]\[7\],13.68µm
net593,13.665µm
net1071,13.62µm
DMEM.memory\[27\]\[16\],13.6µm
DMEM.memory\[29\]\[7\],13.6µm
_1813_,13.6µm
_1933_,13.6µm
DMEM.memory\[9\]\[7\],13.58µm
_1309_,13.56µm
_1705_,13.56µm
_2234_,13.56µm
_2505_,13.56µm
net762,13.545µm
RF.registers\[11\]\[12\],13.54µm
_2613_,13.54µm
_2710_,13.52µm
net764,13.505µm
_2770_,13.5µm
DMEM.memory\[19\]\[7\],13.48µm
DMEM.memory\[15\]\[17\],13.46µm
_1403_,13.46µm
_2495_,13.46µm
net603,13.44µm
_1777_,13.44µm
RF.registers\[5\]\[13\],13.42µm
_1496_,13.42µm
_2575_,13.41µm
DMEM.memory\[16\]\[8\],13.4µm
_1737_,13.39µm
DMEM.memory\[2\]\[20\],13.38µm
net220,13.38µm
DMEM.memory\[4\]\[23\],13.36µm
_1974_,13.36µm
RF.registers\[1\]\[23\],13.34µm
net1104,13.34µm
_2107_,13.34µm
net1222,13.28µm
RF.registers\[1\]\[11\],13.26µm
_2094_,13.26µm
_2168_,13.26µm
DMEM.memory\[1\]\[26\],13.24µm
DMEM.memory\[3\]\[8\],13.24µm
DMEM.memory\[2\]\[15\],13.22µm
RF.registers\[1\]\[20\],13.22µm
DMEM.memory\[6\]\[13\],13.18µm
net771,13.165µm
_1739_,13.16µm
_2689_,13.16µm
RF.registers\[11\]\[20\],13.1µm
net965,13.08µm
net1201,13.08µm
_2153_,13.08µm
DMEM.memory\[27\]\[23\],13.04µm
DMEM.memory\[3\]\[13\],13.04µm
net976,13.04µm
net1123,13.02µm
DMEM.memory\[13\]\[17\],13µm
DMEM.memory\[0\]\[11\],12.98µm
_1095_,12.965µm
_1862_,12.96µm
net746,12.955µm
_2218_,12.95µm
DMEM.memory\[18\]\[7\],12.94µm
DMEM.memory\[8\]\[12\],12.94µm
_1605_,12.94µm
DMEM.memory\[7\]\[13\],12.92µm
_1269_,12.88µm
net1090,12.82µm
_2125_,12.82µm
_2811_,12.82µm
DMEM.memory\[12\]\[16\],12.8µm
_1993_,12.8µm
DMEM.memory\[3\]\[24\],12.78µm
RF.registers\[13\]\[27\],12.78µm
RF.registers\[9\]\[26\],12.76µm
DMEM.memory\[11\]\[23\],12.74µm
DMEM.memory\[7\]\[12\],12.74µm
net983,12.74µm
net1111,12.74µm
_1839_,12.74µm
_1792_,12.72µm
DMEM.memory\[1\]\[21\],12.68µm
net850,12.68µm
DMEM.memory\[0\]\[10\],12.64µm
_1690_,12.64µm
_1761_,12.64µm
net1159,12.58µm
net1112,12.58µm
net863,12.545µm
DMEM.memory\[23\]\[17\],12.54µm
_2674_,12.5µm
_1723_,12.48µm
_1810_,12.48µm
RF.registers\[1\]\[10\],12.46µm
_1744_,12.46µm
_2182_,12.46µm
net758,12.445µm
DMEM.memory\[26\]\[23\],12.42µm
net648,12.405µm
net1114,12.38µm
_2506_,12.38µm
_2585_,12.38µm
_2644_,12.38µm
next_pc\[4\],12.365µm
net714,12.325µm
DMEM.memory\[1\]\[1\],12.32µm
RF.registers\[2\]\[23\],12.3µm
DMEM.memory\[24\]\[17\],12.285µm
net943,12.28µm
net484,12.28µm
DMEM.memory\[3\]\[10\],12.26µm
net719,12.245µm
DMEM.memory\[13\]\[23\],12.24µm
RF.registers\[11\]\[18\],12.24µm
net1195,12.24µm
net1065,12.24µm
net1163,12.24µm
net973,12.225µm
_2133_,12.22µm
net814,12.205µm
_2051_,12.18µm
_2522_,12.18µm
_2598_,12.18µm
_2817_,12.18µm
_2117_,12.165µm
DMEM.memory\[3\]\[11\],12.16µm
_2034_,12.16µm
net987,12.12µm
DMEM.memory\[16\]\[23\],12.08µm
_1436_,12.08µm
DMEM.memory\[17\]\[7\],12.06µm
RF.registers\[11\]\[3\],12.04µm
RF.registers\[9\]\[18\],12.04µm
_2085_,12.04µm
DMEM.memory\[17\]\[23\],12.02µm
_1797_,12.02µm
_2033_,12.02µm
DMEM.memory\[31\]\[17\],12µm
RF.registers\[1\]\[15\],12µm
net890,12µm
_1519_,12µm
DMEM.memory\[13\]\[12\],11.98µm
DMEM.memory\[30\]\[13\],11.96µm
_2718_,11.93µm
net915,11.92µm
net1069,11.9µm
DMEM.memory\[4\]\[16\],11.88µm
net905,11.88µm
RF.registers\[4\]\[23\],11.875µm
DMEM.memory\[22\]\[12\],11.84µm
DMEM.memory\[2\]\[0\],11.84µm
_3010_,11.84µm
net639,11.825µm
net1178,11.82µm
_2047_,11.8µm
RF.registers\[1\]\[26\],11.78µm
_3170_,11.78µm
net655,11.745µm
DMEM.memory\[23\]\[12\],11.7µm
DMEM.memory\[3\]\[28\],11.7µm
_1654_,11.7µm
_1938_,11.7µm
_1742_,11.68µm
DMEM.memory\[12\]\[13\],11.66µm
DMEM.memory\[1\]\[29\],11.66µm
net901,11.66µm
_2031_,11.66µm
DMEM.memory\[10\]\[16\],11.64µm
_2320_,11.625µm
net1007,11.62µm
_1513_,11.62µm
_1726_,11.62µm
_1819_,11.62µm
RF.registers\[5\]\[11\],11.6µm
_2096_,11.58µm
DMEM.memory\[3\]\[21\],11.54µm
net1079,11.54µm
_1808_,11.54µm
_2060_,11.54µm
net516,11.54µm
net585,11.525µm
net777,11.525µm
net952,11.52µm
DMEM.memory\[15\]\[13\],11.5µm
net1203,11.48µm
_1844_,11.46µm
net938,11.44µm
DMEM.memory\[14\]\[13\],11.425µm
DMEM.memory\[1\]\[10\],11.42µm
DMEM.memory\[20\]\[23\],11.42µm
DMEM.memory\[3\]\[30\],11.42µm
_2197_,11.42µm
DMEM.memory\[1\]\[23\],11.38µm
net967,11.38µm
_1981_,11.38µm
_2543_,11.38µm
net1225,11.36µm
net1086,11.36µm
DMEM.memory\[0\]\[18\],11.34µm
_1426_,11.34µm
DMEM.memory\[1\]\[9\],11.32µm
net1179,11.32µm
_1747_,11.32µm
_2550_,11.28µm
DMEM.memory\[18\]\[12\],11.26µm
_1327_,11.26µm
_2004_,11.26µm
DMEM.memory\[13\]\[16\],11.24µm
DMEM.memory\[1\]\[15\],11.24µm
DMEM.memory\[3\]\[22\],11.24µm
DMEM.memory\[7\]\[23\],11.24µm
net1214,11.24µm
_1695_,11.24µm
_2413_,11.24µm
_2711_,11.24µm
net623,11.235µm
_2501_,11.21µm
_2808_,11.2µm
_1442_,11.18µm
DMEM.memory\[20\]\[17\],11.16µm
RF.registers\[16\]\[10\],11.16µm
RF.registers\[9\]\[4\],11.16µm
_2282_,11.16µm
_2790_,11.16µm
DMEM.memory\[10\]\[12\],11.14µm
DMEM.memory\[24\]\[7\],11.14µm
DMEM.memory\[5\]\[16\],11.14µm
net957,11.12µm
_1428_,11.12µm
_2625_,11.12µm
net919,11.12µm
DMEM.memory\[26\]\[17\],11.1µm
net805,11.085µm
DMEM.memory\[3\]\[23\],11.08µm
net815,11.065µm
net680,11.065µm
net702,11.065µm
net775,11.025µm
_1712_,11.02µm
RF.registers\[2\]\[2\],11.005µm
DMEM.memory\[28\]\[12\],11µm
_1478_,11µm
DMEM.memory\[30\]\[3\],10.96µm
DMEM.memory\[3\]\[29\],10.96µm
net995,10.96µm
net1183,10.96µm
net765,10.945µm
net1089,10.94µm
DMEM.memory\[28\]\[3\],10.92µm
_2397_,10.92µm
_2507_,10.92µm
net1143,10.9µm
net1210,10.9µm
net1218,10.9µm
net1215,10.9µm
net1191,10.9µm
net1228,10.9µm
net857,10.86µm
net1047,10.86µm
net1099,10.86µm
_2087_,10.86µm
RF.registers\[3\]\[10\],10.845µm
_2219_,10.815µm
DMEM.memory\[2\]\[7\],10.8µm
net634,10.785µm
net855,10.78µm
_1405_,10.78µm
_1752_,10.78µm
_2729_,10.78µm
DMEM.memory\[29\]\[12\],10.76µm
net825,10.745µm
DMEM.memory\[1\]\[25\],10.74µm
DMEM.memory\[3\]\[5\],10.74µm
RF.registers\[11\]\[5\],10.74µm
_2141_,10.74µm
net1028,10.74µm
DMEM.memory\[1\]\[0\],10.72µm
_1601_,10.72µm
net875,10.705µm
DMEM.memory\[31\]\[7\],10.7µm
_2610_,10.7µm
RF.registers\[1\]\[29\],10.69µm
DMEM.memory\[16\]\[7\],10.68µm
net1041,10.66µm
net882,10.66µm
_1846_,10.66µm
RF.registers\[1\]\[0\],10.62µm
_1533_,10.62µm
net669,10.605µm
net734,10.605µm
DMEM.memory\[1\]\[18\],10.58µm
net1113,10.58µm
_2494_,10.58µm
_3112_,10.58µm
net971,10.56µm
_2778_,10.56µm
_2470_,10.54µm
_3129_,10.52µm
net640,10.505µm
_2709_,10.46µm
_2906_,10.46µm
net1096,10.46µm
net697,10.445µm
net644,10.445µm
net1147,10.44µm
net1160,10.44µm
net1161,10.44µm
net865,10.44µm
net871,10.44µm
net1174,10.44µm
net848,10.44µm
net1230,10.44µm
_2424_,10.44µm
net1046,10.44µm
_2792_,10.43µm
DMEM.memory\[1\]\[31\],10.42µm
_1489_,10.42µm
_2637_,10.42µm
net1157,10.4µm
_2163_,10.4µm
net742,10.385µm
DMEM.memory\[3\]\[2\],10.38µm
DMEM.memory\[5\]\[7\],10.38µm
net792,10.365µm
DMEM.memory\[3\]\[15\],10.36µm
DMEM.memory\[24\]\[12\],10.345µm
DMEM.memory\[24\]\[16\],10.34µm
RF.registers\[1\]\[30\],10.33µm
net712,10.325µm
_1399_,10.32µm
_1703_,10.32µm
_2799_,10.32µm
DMEM.memory\[30\]\[12\],10.3µm
net1095,10.285µm
DMEM.memory\[1\]\[14\],10.28µm
DMEM.memory\[1\]\[22\],10.28µm
DMEM.memory\[2\]\[21\],10.28µm
DMEM.memory\[3\]\[9\],10.28µm
DMEM.memory\[5\]\[23\],10.28µm
RF.registers\[1\]\[24\],10.28µm
RF.registers\[9\]\[12\],10.28µm
net1003,10.28µm
_1566_,10.28µm
net670,10.275µm
net584,10.275µm
DMEM.memory\[6\]\[12\],10.255µm
net728,10.245µm
RF.registers\[5\]\[4\],10.24µm
_1713_,10.24µm
_1822_,10.24µm
_2750_,10.24µm
net946,10.22µm
DMEM.memory\[0\]\[2\],10.2µm
net884,10.2µm
DMEM.memory\[19\]\[17\],10.18µm
net835,10.165µm
net684,10.165µm
RF.registers\[1\]\[1\],10.16µm
RF.registers\[1\]\[7\],10.16µm
net649,10.145µm
net749,10.145µm
net682,10.145µm
net1094,10.14µm
DMEM.memory\[0\]\[13\],10.12µm
RF.registers\[5\]\[0\],10.12µm
_2214_,10.12µm
_2387_,10.12µm
net589,10.105µm
net629,10.105µm
net657,10.105µm
net677,10.105µm
net689,10.105µm
net727,10.105µm
net739,10.105µm
net779,10.105µm
net809,10.105µm
net672,10.105µm
net722,10.105µm
net806,10.105µm
net1034,10.1µm
RF.registers\[9\]\[11\],10.08µm
_1475_,10.08µm
RF.registers\[2\]\[11\],10.06µm
net1173,10.06µm
net1062,10.06µm
net730,10.045µm
net616,10.045µm
DMEM.memory\[10\]\[7\],10.04µm
_2043_,10.04µm
net755,10.025µm
DMEM.memory\[25\]\[16\],10µm
_2842_,10µm
_0282_,9.98µm
net1141,9.98µm
net902,9.98µm
_1655_,9.98µm
_2275_,9.98µm
_2304_,9.98µm
_1986_,9.965µm
net893,9.96µm
net1182,9.94µm
_2307_,9.94µm
_2640_,9.94µm
_0188_,9.88µm
net1139,9.88µm
net1093,9.88µm
_1401_,9.88µm
_1686_,9.88µm
_2410_,9.88µm
RF.registers\[11\]\[1\],9.86µm
RF.registers\[15\]\[14\],9.86µm
_1950_,9.86µm
_2165_,9.86µm
net691,9.845µm
_3001_,9.84µm
next_pc\[26\],9.84µm
DMEM.memory\[25\]\[12\],9.82µm
DMEM.memory\[2\]\[5\],9.82µm
DMEM.memory\[9\]\[23\],9.82µm
RF.registers\[1\]\[25\],9.82µm
_1316_,9.82µm
_1622_,9.8µm
DMEM.memory\[3\]\[17\],9.78µm
DMEM.memory\[3\]\[7\],9.78µm
DMEM.memory\[2\]\[10\],9.76µm
DMEM.memory\[6\]\[7\],9.76µm
net994,9.76µm
_2173_,9.755µm
net913,9.74µm
net940,9.74µm
DMEM.memory\[28\]\[7\],9.725µm
net1233,9.72µm
net921,9.72µm
net627,9.705µm
net661,9.705µm
net685,9.705µm
net707,9.705µm
net733,9.705µm
net735,9.705µm
net741,9.705µm
net759,9.705µm
net783,9.705µm
net785,9.705µm
net789,9.705µm
net801,9.705µm
net833,9.705µm
net660,9.705µm
net664,9.705µm
net700,9.705µm
net724,9.705µm
net776,9.705µm
net780,9.705µm
net782,9.705µm
net798,9.705µm
net838,9.705µm
net608,9.705µm
net622,9.705µm
RF.registers\[11\]\[0\],9.7µm
_2950_,9.7µm
net643,9.695µm
net757,9.695µm
DMEM.memory\[1\]\[12\],9.68µm
_1264_,9.68µm
DMEM.memory\[17\]\[12\],9.66µm
net615,9.645µm
net673,9.645µm
_2595_,9.64µm
net868,9.62µm
net1030,9.62µm
_2805_,9.61µm
RF.registers\[1\]\[31\],9.6µm
RF.registers\[5\]\[3\],9.6µm
net1057,9.6µm
_2012_,9.585µm
DMEM.memory\[14\]\[12\],9.58µm
DMEM.memory\[1\]\[11\],9.58µm
net725,9.565µm
net773,9.565µm
DMEM.memory\[0\]\[6\],9.54µm
net934,9.54µm
DMEM.memory\[1\]\[19\],9.52µm
net885,9.52µm
net1035,9.52µm
net1200,9.52µm
net988,9.52µm
RF.registers\[1\]\[18\],9.48µm
net1017,9.48µm
RF.registers\[11\]\[24\],9.46µm
net812,9.445µm
DMEM.memory\[2\]\[19\],9.44µm
RF.registers\[1\]\[21\],9.44µm
_3137_,9.44µm
DMEM.memory\[17\]\[16\],9.42µm
DMEM.memory\[20\]\[7\],9.42µm
_1944_,9.42µm
_2253_,9.42µm
_2659_,9.42µm
DMEM.memory\[1\]\[20\],9.4µm
DMEM.memory\[23\]\[23\],9.4µm
_2326_,9.4µm
_2725_,9.38µm
RF.registers\[5\]\[19\],9.365µm
_1456_,9.365µm
DMEM.memory\[2\]\[11\],9.36µm
RF.registers\[1\]\[6\],9.36µm
net1004,9.36µm
net982,9.36µm
_2873_,9.34µm
RF.registers\[2\]\[17\],9.335µm
_1434_,9.32µm
DMEM.memory\[2\]\[3\],9.3µm
RF.registers\[15\]\[16\],9.285µm
DMEM.memory\[17\]\[8\],9.28µm
DMEM.memory\[8\]\[23\],9.28µm
net908,9.26µm
_2727_,9.26µm
DMEM.memory\[30\]\[29\],9.24µm
net955,9.225µm
net694,9.225µm
net750,9.225µm
net836,9.225µm
_2070_,9.2µm
_2202_,9.2µm
_2324_,9.2µm
_2475_,9.2µm
RF.registers\[5\]\[20\],9.195µm
_1849_,9.175µm
DMEM.memory\[2\]\[30\],9.16µm
_0747_,9.16µm
_1525_,9.16µm
_1561_,9.16µm
RF.registers\[5\]\[15\],9.14µm
_0297_,9.14µm
DMEM.memory\[2\]\[28\],9.12µm
DMEM.memory\[30\]\[16\],9.12µm
DMEM.memory\[6\]\[23\],9.12µm
_2203_,9.115µm
net693,9.105µm
net823,9.105µm
net594,9.105µm
net1220,9.1µm
_2534_,9.095µm
net1171,9.08µm
_1847_,9.08µm
_2323_,9.08µm
_2583_,9.08µm
_2680_,9.08µm
_2683_,9.08µm
_2831_,9.08µm
_2853_,9.08µm
_2854_,9.08µm
_2403_,9.07µm
net878,9.06µm
net894,9.06µm
net1006,9.06µm
net1025,9.04µm
_1736_,9.04µm
net1015,9.02µm
net1126,9.02µm
net1048,9µm
net609,8.985µm
net651,8.985µm
net788,8.985µm
_1680_,8.98µm
_2728_,8.96µm
DMEM.memory\[0\]\[17\],8.945µm
net662,8.945µm
DMEM.memory\[29\]\[17\],8.94µm
DMEM.memory\[3\]\[0\],8.94µm
DMEM.memory\[3\]\[14\],8.94µm
net843,8.94µm
net877,8.94µm
net860,8.94µm
_2020_,8.94µm
_2386_,8.94µm
_2559_,8.94µm
net1012,8.94µm
_1984_,8.92µm
DMEM.memory\[6\]\[17\],8.905µm
RF.registers\[15\]\[12\],8.9µm
RF.registers\[1\]\[3\],8.9µm
net1187,8.9µm
_1108_,8.9µm
_1693_,8.88µm
_1988_,8.88µm
_0196_,8.86µm
_1606_,8.86µm
_1769_,8.86µm
_1800_,8.86µm
_2274_,8.86µm
_1811_,8.84µm
_1985_,8.84µm
DMEM.memory\[3\]\[31\],8.82µm
net888,8.82µm
net1056,8.82µm
_2825_,8.82µm
net663,8.815µm
_2476_,8.8µm
_2846_,8.785µm
DMEM.memory\[1\]\[3\],8.78µm
RF.registers\[11\]\[21\],8.78µm
RF.registers\[15\]\[28\],8.78µm
RF.registers\[1\]\[19\],8.78µm
RF.registers\[1\]\[4\],8.78µm
_2958_,8.78µm
net747,8.765µm
net754,8.765µm
net650,8.765µm
net1097,8.76µm
net834,8.745µm
DMEM.memory\[10\]\[17\],8.74µm
_0758_,8.74µm
net975,8.74µm
_1458_,8.74µm
net1229,8.74µm
next_pc\[24\],8.74µm
_1379_,8.72µm
net942,8.68µm
DMEM.memory\[1\]\[5\],8.66µm
DMEM.memory\[2\]\[6\],8.66µm
DMEM.memory\[4\]\[13\],8.66µm
RF.registers\[2\]\[22\],8.655µm
net656,8.645µm
net1076,8.62µm
net1190,8.62µm
net859,8.6µm
net867,8.6µm
net869,8.6µm
net873,8.6µm
net881,8.6µm
net887,8.6µm
net895,8.6µm
net473,8.6µm
net854,8.6µm
net864,8.6µm
net874,8.6µm
net880,8.6µm
net886,8.6µm
net898,8.6µm
net900,8.6µm
net906,8.6µm
_1274_,8.6µm
net1061,8.6µm
_2535_,8.6µm
_2634_,8.6µm
_2296_,8.58µm
net1080,8.56µm
DMEM.memory\[1\]\[17\],8.54µm
DMEM.memory\[3\]\[12\],8.54µm
_2009_,8.54µm
net611,8.525µm
net737,8.525µm
net787,8.525µm
net837,8.525µm
net606,8.525µm
net624,8.525µm
_1306_,8.52µm
_2557_,8.52µm
_2032_,8.5µm
DMEM.memory\[18\]\[8\],8.48µm
DMEM.memory\[2\]\[26\],8.48µm
DMEM.memory\[8\]\[16\],8.48µm
_1103_,8.48µm
_1504_,8.48µm
_1977_,8.48µm
_2692_,8.48µm
DMEM.memory\[28\]\[16\],8.44µm
RF.registers\[16\]\[7\],8.44µm
_0093_,8.44µm
net767,8.405µm
net781,8.405µm
net698,8.405µm
net774,8.405µm
_1289_,8.4µm
_1643_,8.4µm
_1879_,8.4µm
_1914_,8.4µm
_2600_,8.4µm
net998,8.38µm
net932,8.38µm
DMEM.memory\[15\]\[12\],8.36µm
DMEM.memory\[2\]\[24\],8.36µm
DMEM.memory\[31\]\[23\],8.36µm
net1142,8.36µm
net958,8.34µm
_1970_,8.335µm
DMEM.memory\[22\]\[7\],8.32µm
DMEM.memory\[25\]\[17\],8.32µm
_2230_,8.32µm
net761,8.305µm
net807,8.305µm
net821,8.305µm
net827,8.305µm
net710,8.305µm
net726,8.305µm
net772,8.305µm
net628,8.305µm
DMEM.memory\[2\]\[12\],8.28µm
_0061_,8.28µm
net1087,8.28µm
net1192,8.28µm
net916,8.28µm
_2538_,8.28µm
net1022,8.28µm
net960,8.28µm
net903,8.26µm
net862,8.26µm
net911,8.24µm
_2961_,8.24µm
net920,8.24µm
net605,8.235µm
_2514_,8.2µm
net729,8.185µm
_0040_,8.18µm
net1073,8.16µm
net1020,8.16µm
net845,8.14µm
net879,8.14µm
net891,8.14µm
_0922_,8.14µm
net1130,8.14µm
net992,8.14µm
DMEM.memory\[1\]\[7\],8.12µm
_1446_,8.12µm
net482,8.12µm
net637,8.115µm
DMEM.memory\[13\]\[13\],8.1µm
DMEM.memory\[2\]\[18\],8.1µm
_1754_,8.1µm
_1924_,8.1µm
_1971_,8.1µm
_2441_,8.1µm
net667,8.065µm
net681,8.065µm
net711,8.065µm
net799,8.065µm
net654,8.065µm
net668,8.065µm
net612,8.065µm
net620,8.065µm
net626,8.065µm
net632,8.065µm
net636,8.065µm
net646,8.065µm
DMEM.memory\[21\]\[12\],8.04µm
net1081,8.04µm
DMEM.memory\[28\]\[17\],8.02µm
DMEM.memory\[29\]\[23\],8.02µm
DMEM.memory\[31\]\[12\],8.02µm
DMEM.memory\[31\]\[13\],8.02µm
net897,8.02µm
_2273_,8.02µm
_2560_,8.02µm
net844,7.985µm
net1117,7.98µm
_1398_,7.98µm
_1997_,7.98µm
_2433_,7.98µm
_1779_,7.96µm
_2221_,7.96µm
DMEM.memory\[12\]\[23\],7.955µm
net645,7.945µm
net713,7.945µm
net696,7.945µm
net770,7.945µm
_1612_,7.94µm
_2169_,7.94µm
_2872_,7.94µm
net1110,7.935µm
DMEM.memory\[28\]\[23\],7.905µm
net852,7.9µm
_2248_,7.9µm
net699,7.895µm
_1694_,7.895µm
_2313_,7.895µm
_2447_,7.86µm
net597,7.845µm
net641,7.845µm
net692,7.845µm
net744,7.845µm
net588,7.845µm
net596,7.845µm
net604,7.845µm
net610,7.845µm
_0365_,7.82µm
net1209,7.82µm
net1072,7.82µm
_2164_,7.82µm
net847,7.8µm
net1029,7.8µm
net870,7.8µm
RF.registers\[9\]\[13\],7.78µm
_2962_,7.78µm
net950,7.78µm
net1156,7.76µm
_2914_,7.76µm
_2513_,7.74µm
_2404_,7.73µm
net659,7.725µm
net665,7.725µm
net671,7.725µm
net721,7.725µm
net797,7.725µm
net829,7.725µm
net720,7.725µm
net736,7.725µm
net824,7.725µm
net840,7.725µm
net842,7.725µm
net630,7.725µm
net1137,7.7µm
net1066,7.7µm
net1063,7.7µm
net851,7.68µm
net939,7.68µm
net963,7.68µm
net856,7.68µm
net904,7.68µm
net1036,7.68µm
_2308_,7.66µm
DMEM.memory\[26\]\[12\],7.64µm
DMEM.memory\[5\]\[17\],7.64µm
_1571_,7.64µm
_1628_,7.64µm
_1861_,7.64µm
_1909_,7.64µm
_2001_,7.64µm
_2075_,7.64µm
_2130_,7.64µm
_2890_,7.64µm
DMEM.memory\[14\]\[16\],7.615µm
DMEM.memory\[30\]\[17\],7.615µm
net633,7.605µm
net716,7.605µm
net766,7.605µm
net778,7.605µm
DMEM.memory\[2\]\[4\],7.58µm
_1635_,7.58µm
DMEM.memory\[27\]\[7\],7.56µm
net1197,7.56µm
_2068_,7.56µm
_2541_,7.56µm
_2649_,7.56µm
net883,7.525µm
net889,7.525µm
net876,7.525µm
_0167_,7.52µm
_0760_,7.52µm
_1090_,7.52µm
_1796_,7.52µm
_1911_,7.52µm
_2077_,7.52µm
_1308_,7.5µm
_2288_,7.5µm
_2303_,7.5µm
_0039_,7.47µm
_1569_,7.44µm
_2118_,7.44µm
net701,7.435µm
_2210_,7.42µm
RF.registers\[9\]\[19\],7.4µm
_1668_,7.4µm
net599,7.385µm
net601,7.385µm
net617,7.385µm
net621,7.385µm
net635,7.385µm
net647,7.385µm
net675,7.385µm
net709,7.385µm
net745,7.385µm
net751,7.385µm
net803,7.385µm
net811,7.385µm
net813,7.385µm
net839,7.385µm
net666,7.385µm
net674,7.385µm
net676,7.385µm
net678,7.385µm
net686,7.385µm
net690,7.385µm
net704,7.385µm
net706,7.385µm
net708,7.385µm
net738,7.385µm
net740,7.385µm
net748,7.385µm
net804,7.385µm
net810,7.385µm
net830,7.385µm
net590,7.385µm
net592,7.385µm
net602,7.385µm
net618,7.385µm
_2935_,7.38µm
net935,7.36µm
net1120,7.36µm
_0189_,7.35µm
DMEM.memory\[3\]\[20\],7.335µm
DMEM.memory\[3\]\[16\],7.32µm
RF.registers\[5\]\[22\],7.32µm
_2860_,7.32µm
RF.registers\[5\]\[17\],7.3µm
DMEM.memory\[1\]\[2\],7.28µm
DMEM.memory\[2\]\[8\],7.28µm
DMEM.memory\[30\]\[23\],7.28µm
RF.registers\[9\]\[16\],7.28µm
net619,7.265µm
net625,7.265µm
net743,7.265µm
net752,7.265µm
net784,7.265µm
net796,7.265µm
net808,7.265µm
_0182_,7.26µm
_0235_,7.26µm
_1929_,7.26µm
RF.registers\[11\]\[28\],7.24µm
net1115,7.24µm
_1278_,7.24µm
_1437_,7.24µm
net1226,7.24µm
_2177_,7.24µm
_2374_,7.24µm
net1002,7.24µm
net928,7.24µm
net1140,7.22µm
net853,7.22µm
net1001,7.22µm
net1176,7.22µm
net846,7.22µm
net866,7.22µm
_2607_,7.22µm
net1024,7.22µm
_1793_,7.2µm
_1699_,7.18µm
_2086_,7.18µm
net1223,7.18µm
net817,7.145µm
net598,7.145µm
net924,7.145µm
_0269_,7.14µm
_2687_,7.14µm
_2845_,7.14µm
_1036_,7.12µm
_2129_,7.12µm
net475,7.12µm
DMEM.memory\[16\]\[17\],7.1µm
DMEM.memory\[21\]\[7\],7.1µm
DMEM.memory\[25\]\[7\],7.1µm
DMEM.memory\[3\]\[19\],7.1µm
DMEM.memory\[7\]\[7\],7.1µm
net861,7.1µm
net899,7.1µm
net1033,7.1µm
_2601_,7.1µm
_2748_,7.1µm
net1008,7.1µm
DMEM.memory\[14\]\[23\],7.08µm
RF.registers\[16\]\[0\],7.06µm
_2250_,7.06µm
_1646_,7.04µm
_1721_,7.04µm
net1119,7µm
net910,7µm
DMEM.memory\[22\]\[17\],6.985µm
_0114_,6.98µm
_1706_,6.98µm
_0262_,6.96µm
RF.registers\[5\]\[18\],6.94µm
_0152_,6.94µm
_0254_,6.94µm
_2744_,6.94µm
net591,6.925µm
net595,6.925µm
net607,6.925µm
net653,6.925µm
net687,6.925µm
net717,6.925µm
net769,6.925µm
net793,6.925µm
net658,6.925µm
net688,6.925µm
net718,6.925µm
net756,6.925µm
net760,6.925µm
net786,6.925µm
net818,6.925µm
net820,6.925µm
net826,6.925µm
net586,6.925µm
net600,6.925µm
net642,6.925µm
net652,6.925µm
_2156_,6.92µm
DMEM.memory\[28\]\[13\],6.9µm
net969,6.9µm
net1186,6.9µm
net1175,6.9µm
net1166,6.9µm
_2449_,6.9µm
net1026,6.9µm
net1185,6.88µm
_0299_,6.87µm
_1830_,6.87µm
_0383_,6.86µm
_1818_,6.86µm
_2059_,6.86µm
_0058_,6.84µm
_0755_,6.84µm
_2405_,6.84µm
_2920_,6.84µm
_0185_,6.8µm
net1155,6.8µm
_2956_,6.79µm
net1153,6.78µm
net941,6.78µm
net1180,6.78µm
net1010,6.78µm
net1000,6.78µm
_0211_,6.77µm
net849,6.76µm
net961,6.76µm
net892,6.76µm
net896,6.76µm
_1517_,6.76µm
_1857_,6.76µm
_2810_,6.76µm
_2949_,6.76µm
_2997_,6.76µm
_1955_,6.74µm
_2191_,6.74µm
_2492_,6.74µm
_2978_,6.74µm
DMEM.memory\[2\]\[17\],6.72µm
DMEM.memory\[2\]\[9\],6.72µm
_0761_,6.72µm
_1614_,6.72µm
_1662_,6.72µm
_0345_,6.71µm
_1790_,6.675µm
_2080_,6.66µm
DMEM.memory\[12\]\[17\],6.64µm
DMEM.memory\[15\]\[16\],6.64µm
DMEM.memory\[1\]\[30\],6.64µm
DMEM.memory\[1\]\[8\],6.64µm
DMEM.memory\[3\]\[3\],6.64µm
DMEM.memory\[7\]\[16\],6.64µm
RF.registers\[1\]\[5\],6.64µm
_1542_,6.64µm
_2857_,6.64µm
_2757_,6.605µm
RF.registers\[5\]\[7\],6.6µm
_2057_,6.6µm
_2624_,6.6µm
_0272_,6.58µm
_1502_,6.58µm
_1509_,6.58µm
_2586_,6.58µm
_2357_,6.525µm
_2497_,6.52µm
DMEM.memory\[3\]\[6\],6.5µm
RF.registers\[5\]\[26\],6.48µm
RF.registers\[5\]\[8\],6.48µm
_2723_,6.48µm
net828,6.465µm
net1150,6.44µm
net917,6.44µm
net937,6.44µm
net1023,6.44µm
net1039,6.44µm
net1205,6.44µm
net1184,6.44µm
_2426_,6.44µm
net732,6.425µm
_0306_,6.42µm
_2693_,6.42µm
_0052_,6.41µm
DMEM.memory\[2\]\[31\],6.38µm
_0178_,6.38µm
_2376_,6.38µm
_2584_,6.38µm
DMEM.memory\[14\]\[17\],6.36µm
_0210_,6.36µm
_2820_,6.36µm
DMEM.memory\[2\]\[29\],6.35µm
_1644_,6.34µm
_0117_,6.33µm
net985,6.32µm
net993,6.32µm
net1027,6.32µm
net1074,6.32µm
_2675_,6.32µm
net587,6.305µm
net1188,6.3µm
_1447_,6.3µm
net1165,6.3µm
net1103,6.3µm
_2776_,6.3µm
_2965_,6.3µm
DMEM.memory\[20\]\[12\],6.28µm
DMEM.memory\[21\]\[17\],6.28µm
_1660_,6.28µm
_1936_,6.28µm
_1825_,6.26µm
_2062_,6.26µm
_2356_,6.24µm
net791,6.225µm
DMEM.memory\[1\]\[13\],6.2µm
_1815_,6.2µm
DMEM.memory\[0\]\[15\],6.18µm
DMEM.memory\[1\]\[28\],6.18µm
DMEM.memory\[31\]\[3\],6.18µm
DMEM.memory\[5\]\[12\],6.18µm
net1129,6.18µm
net1075,6.14µm
net1128,6.14µm
_3132_,6.14µm
DMEM.memory\[2\]\[1\],6.12µm
DMEM.memory\[5\]\[13\],6.12µm
net989,6.08µm
_1845_,6.08µm
_1959_,6.08µm
_2599_,6.08µm
net923,6.08µm
RF.registers\[9\]\[5\],6.06µm
_2224_,6.06µm
_2479_,6.06µm
_2614_,6.06µm
net703,6.055µm
_0149_,6.02µm
_0184_,6.02µm
_0318_,6.02µm
_1292_,6.02µm
_2870_,6.02µm
_1860_,6.01µm
net795,6.005µm
net1138,5.98µm
net1158,5.98µm
net925,5.98µm
net947,5.98µm
net959,5.98µm
net977,5.98µm
net997,5.98µm
net1009,5.98µm
net1021,5.98µm
net1077,5.98µm
net1198,5.98µm
net970,5.98µm
DMEM.memory\[0\]\[21\],5.945µm
DMEM.memory\[0\]\[14\],5.94µm
DMEM.memory\[6\]\[16\],5.94µm
_0362_,5.94µm
_1678_,5.94µm
_1751_,5.94µm
net679,5.885µm
net841,5.885µm
_2352_,5.87µm
net1068,5.86µm
_2991_,5.86µm
net1032,5.86µm
net936,5.86µm
_0405_,5.85µm
_2349_,5.85µm
DMEM.memory\[1\]\[6\],5.84µm
DMEM.memory\[2\]\[16\],5.84µm
_0754_,5.84µm
net1013,5.84µm
net1199,5.84µm
_1855_,5.84µm
_2232_,5.84µm
_2874_,5.84µm
_1661_,5.825µm
_1734_,5.82µm
_1788_,5.82µm
net1162,5.8µm
_1254_,5.8µm
_1715_,5.8µm
_2895_,5.8µm
DMEM.memory\[9\]\[16\],5.78µm
_0421_,5.78µm
_3143_,5.78µm
_3145_,5.78µm
net981,5.74µm
_2266_,5.74µm
DMEM.memory\[3\]\[1\],5.72µm
_2328_,5.72µm
_2673_,5.72µm
_2703_,5.72µm
_2758_,5.72µm
_0151_,5.7µm
net858,5.685µm
RF.registers\[11\]\[30\],5.68µm
_0089_,5.68µm
_1791_,5.68µm
net1060,5.68µm
_2814_,5.68µm
_2951_,5.68µm
DMEM.memory\[8\]\[7\],5.66µm
net933,5.645µm
net1124,5.6µm
_2160_,5.6µm
_2486_,5.6µm
_2643_,5.6µm
_2520_,5.58µm
_2747_,5.58µm
_0034_,5.56µm
_0076_,5.56µm
_0088_,5.56µm
_0109_,5.56µm
_0123_,5.56µm
_0174_,5.56µm
_0259_,5.56µm
_0294_,5.56µm
_0308_,5.56µm
_0344_,5.56µm
_0361_,5.56µm
net631,5.545µm
_1835_,5.525µm
net1154,5.52µm
net907,5.52µm
net953,5.52µm
net979,5.52µm
net991,5.52µm
net1011,5.52µm
net1219,5.52µm
net1118,5.52µm
net1193,5.52µm
net1189,5.52µm
net1059,5.52µm
net1231,5.52µm
net1134,5.52µm
net1054,5.52µm
net1052,5.52µm
net1018,5.52µm
_1765_,5.5µm
_0268_,5.49µm
DMEM.memory\[18\]\[16\],5.48µm
RF.registers\[5\]\[10\],5.48µm
_0899_,5.48µm
_1836_,5.48µm
_2866_,5.48µm
_3103_,5.48µm
DMEM.memory\[7\]\[17\],5.46µm
_0222_,5.46µm
_0397_,5.46µm
_2005_,5.46µm
_2369_,5.46µm
_2399_,5.46µm
_0197_,5.44µm
_2551_,5.44µm
_0042_,5.43µm
_0073_,5.43µm
_1848_,5.425µm
net931,5.4µm
_1850_,5.4µm
_1853_,5.4µm
_1858_,5.4µm
_2713_,5.4µm
_2880_,5.4µm
_3005_,5.4µm
_3091_,5.4µm
DMEM.memory\[9\]\[12\],5.38µm
_0138_,5.38µm
net1084,5.38µm
net1232,5.38µm
_1101_,5.38µm
_1109_,5.38µm
_1407_,5.38µm
_2341_,5.38µm
_2347_,5.38µm
_2587_,5.38µm
_2719_,5.38µm
_2736_,5.38µm
_3002_,5.38µm
_1759_,5.365µm
_1799_,5.36µm
_1801_,5.36µm
_2916_,5.36µm
_0765_,5.34µm
_2255_,5.34µm
_2271_,5.34µm
_2712_,5.34µm
_2836_,5.34µm
_3141_,5.34µm
net909,5.305µm
_1572_,5.295µm
DMEM.memory\[2\]\[2\],5.26µm
_1764_,5.26µm
_2003_,5.26µm
_2073_,5.26µm
_2553_,5.26µm
net1038,5.26µm
_3149_,5.26µm
net463,5.26µm
net487,5.26µm
net802,5.255µm
_1689_,5.245µm
_2657_,5.24µm
_2980_,5.24µm
_2941_,5.225µm
_3014_,5.225µm
_0132_,5.22µm
_0212_,5.22µm
_0400_,5.22µm
_1902_,5.22µm
_2161_,5.22µm
_2416_,5.22µm
_2421_,5.22µm
net1164,5.22µm
_2768_,5.22µm
_2771_,5.22µm
_2017_,5.16µm
net962,5.16µm
_1859_,5.15µm
_2474_,5.14µm
_3115_,5.14µm
net613,5.135µm
net614,5.135µm
_2064_,5.12µm
_2243_,5.12µm
_0056_,5.1µm
_0068_,5.1µm
_0069_,5.1µm
_0134_,5.1µm
_0139_,5.1µm
_0280_,5.1µm
_0764_,5.1µm
_1567_,5.1µm
_2741_,5.1µm
net763,5.085µm
_2360_,5.075µm
_0180_,5.07µm
_0290_,5.07µm
_0403_,5.07µm
net1206,5.06µm
net1194,5.06µm
net1125,5.06µm
net1168,5.06µm
net912,5.06µm
net918,5.06µm
net1064,5.06µm
_2108_,5.06µm
_2605_,5.06µm
_2702_,5.06µm
net1016,5.06µm
net984,5.06µm
net972,5.06µm
net944,5.06µm
net926,5.06µm
net922,5.06µm
_1918_,5.04µm
RF.registers\[9\]\[17\],5.02µm
net999,5.02µm
_1856_,5.02µm
_1952_,5.02µm
_2339_,5.02µm
_2548_,5.02µm
_2737_,5.02µm
_2926_,5.02µm
_2968_,5.02µm
_2981_,5.02µm
_0022_,5µm
_0004_,4.99µm
_3160_,4.985µm
_2666_,4.98µm
_2932_,4.95µm
_2946_,4.95µm
DMEM.memory\[0\]\[1\],4.94µm
_1611_,4.94µm
net1227,4.94µm
_2344_,4.94µm
_2572_,4.94µm
_2589_,4.94µm
_2869_,4.94µm
net996,4.94µm
net930,4.94µm
_0140_,4.93µm
DMEM.memory\[22\]\[23\],4.92µm
DMEM.memory\[26\]\[16\],4.92µm
net1031,4.92µm
net1217,4.92µm
_2029_,4.92µm
_2402_,4.92µm
_2523_,4.92µm
_2752_,4.92µm
_2856_,4.92µm
_3113_,4.92µm
_1421_,4.9µm
_1980_,4.9µm
_0293_,4.88µm
_0427_,4.88µm
net1202,4.88µm
_1102_,4.88µm
_1613_,4.88µm
_1671_,4.88µm
_2245_,4.88µm
_2749_,4.88µm
_2781_,4.88µm
_0246_,4.87µm
_1940_,4.82µm
_2237_,4.82µm
_2305_,4.82µm
net510,4.82µm
_2330_,4.8µm
_2384_,4.8µm
_2596_,4.8µm
_3163_,4.8µm
net188,4.8µm
_0008_,4.78µm
_2938_,4.77µm
_0150_,4.76µm
_0224_,4.76µm
net1149,4.76µm
_2072_,4.76µm
_2533_,4.76µm
_2704_,4.76µm
_2388_,4.725µm
_3154_,4.7µm
DMEM.memory\[30\]\[7\],4.68µm
_0279_,4.68µm
_0753_,4.68µm
_1716_,4.68µm
_1900_,4.68µm
_2151_,4.68µm
_2924_,4.68µm
_2942_,4.68µm
_2983_,4.68µm
_3008_,4.68µm
_3121_,4.68µm
_3158_,4.63µm
net914,4.625µm
_0270_,4.61µm
_0349_,4.61µm
_3140_,4.605µm
net1146,4.6µm
net1005,4.6µm
net1019,4.6µm
net1043,4.6µm
net1091,4.6µm
net1083,4.6µm
net1211,4.6µm
net1131,4.6µm
net1170,4.6µm
net1014,4.6µm
net986,4.6µm
net966,4.6µm
net956,4.6µm
_0130_,4.58µm
_1115_,4.58µm
_1685_,4.58µm
_2381_,4.58µm
_2351_,4.56µm
_2552_,4.56µm
_2688_,4.56µm
_2933_,4.56µm
_2974_,4.56µm
_2992_,4.56µm
_2996_,4.56µm
_0032_,4.54µm
_0054_,4.54µm
_0104_,4.54µm
_0121_,4.54µm
_0153_,4.54µm
_0166_,4.54µm
_0199_,4.54µm
_0201_,4.54µm
_0215_,4.54µm
_0223_,4.54µm
_0335_,4.54µm
_0367_,4.54µm
_1683_,4.54µm
net816,4.505µm
_0752_,4.48µm
_3139_,4.48µm
_0319_,4.46µm
net560,4.46µm
_1573_,4.46µm
_1834_,4.46µm
_1852_,4.46µm
_1989_,4.46µm
_2011_,4.46µm
_2564_,4.46µm
_2648_,4.46µm
_2823_,4.46µm
_2863_,4.46µm
_2888_,4.46µm
_2954_,4.46µm
_2995_,4.46µm
_3003_,4.46µm
_3090_,4.46µm
_1625_,4.44µm
_2088_,4.44µm
_0023_,4.42µm
_2121_,4.42µm
net1135,4.42µm
_2446_,4.42µm
_2460_,4.42µm
_2779_,4.42µm
net980,4.42µm
_1996_,4.4µm
_1966_,4.37µm
_1374_,4.36µm
_1956_,4.36µm
DMEM.memory\[15\]\[23\],4.34µm
DMEM.memory\[27\]\[12\],4.34µm
_0172_,4.34µm
net1172,4.34µm
_2115_,4.34µm
_2189_,4.34µm
_2400_,4.34µm
_3114_,4.34µm
_0072_,4.32µm
_2732_,4.32µm
_2900_,4.265µm
_3150_,4.24µm
_0030_,4.22µm
_0094_,4.22µm
_0217_,4.22µm
_0251_,4.22µm
_0295_,4.22µm
_0324_,4.22µm
net872,4.22µm
_1583_,4.22µm
_2353_,4.22µm
_2364_,4.22µm
_2565_,4.22µm
_2754_,4.22µm
_2822_,4.2µm
_2797_,4.18µm
_0173_,4.17µm
_0074_,4.15µm
_0101_,4.15µm
_0113_,4.15µm
_0115_,4.15µm
_0281_,4.15µm
_0757_,4.145µm
net949,4.14µm
net1078,4.14µm
_0990_,4.14µm
net1070,4.14µm
_2396_,4.14µm
_2701_,4.14µm
net968,4.14µm
net964,4.14µm
_2301_,4.125µm
_0136_,4.12µm
_2378_,4.12µm
_2638_,4.12µm
_2834_,4.12µm
_3124_,4.12µm
_0214_,4.1µm
_2345_,4.1µm
_2346_,4.1µm
_2350_,4.1µm
_2609_,4.1µm
_2663_,4.1µm
_2939_,4.1µm
_3000_,4.1µm
_3020_,4.1µm
_0165_,4.08µm
_0198_,4.08µm
_0236_,4.08µm
_0248_,4.08µm
_0354_,4.08µm
_0395_,4.08µm
_2331_,4.08µm
net731,4.045µm
_2967_,4.03µm
_0388_,4µm
_0759_,4µm
_1568_,4µm
_1624_,4µm
_1831_,4µm
_1906_,4µm
_2377_,4µm
_2440_,4µm
_2608_,4µm
_2681_,4µm
_2699_,4µm
_2753_,4µm
_2835_,4µm
_2881_,4µm
_2897_,4µm
_2912_,4µm
_2934_,4µm
_2948_,4µm
net1050,4µm
_0035_,3.98µm
_1885_,3.98µm
_2018_,3.98µm
_2355_,3.95µm
_3164_,3.925µm
_2063_,3.915µm
_2231_,3.9µm
_2678_,3.9µm
_0119_,3.88µm
_0375_,3.88µm
net558,3.88µm
net929,3.88µm
net1051,3.88µm
_1294_,3.88µm
_1494_,3.88µm
_1730_,3.88µm
_1749_,3.88µm
_1972_,3.88µm
_2239_,3.88µm
_2571_,3.88µm
_2626_,3.88µm
_2655_,3.88µm
_2977_,3.88µm
_0142_,3.86µm
_1113_,3.86µm
_0102_,3.76µm
_0244_,3.76µm
_0255_,3.76µm
_0926_,3.76µm
_2236_,3.76µm
_2354_,3.76µm
_2889_,3.76µm
_2966_,3.76µm
_2990_,3.76µm
_3127_,3.76µm
_3125_,3.74µm
_2368_,3.71µm
_0018_,3.69µm
_0227_,3.69µm
_3142_,3.685µm
_1266_,3.68µm
_2566_,3.68µm
_2784_,3.68µm
net1133,3.66µm
_1091_,3.66µm
_2390_,3.66µm
_2391_,3.66µm
_2813_,3.66µm
_3105_,3.66µm
_1746_,3.64µm
_1771_,3.64µm
_2767_,3.64µm
_2925_,3.64µm
_2947_,3.64µm
_2955_,3.64µm
_2989_,3.64µm
_3093_,3.64µm
_0346_,3.59µm
_0348_,3.59µm
net583,3.585µm
net800,3.585µm
_1837_,3.565µm
_3167_,3.565µm
_0921_,3.56µm
_2450_,3.56µm
_2801_,3.56µm
_2577_,3.545µm
net1049,3.54µm
_1728_,3.54µm
_1864_,3.54µm
_1865_,3.54µm
_2385_,3.54µm
_2618_,3.54µm
_2734_,3.54µm
_2756_,3.54µm
_2787_,3.54µm
_2936_,3.54µm
_3016_,3.54µm
net1044,3.54µm
_3108_,3.54µm
_0092_,3.52µm
_0337_,3.52µm
_1783_,3.52µm
_2042_,3.52µm
_2061_,3.52µm
_2472_,3.52µm
_3019_,3.52µm
_3157_,3.49µm
_3151_,3.485µm
_1420_,3.475µm
_2334_,3.44µm
_2567_,3.44µm
_2695_,3.44µm
_2650_,3.425µm
_0303_,3.42µm
net562,3.42µm
net1058,3.42µm
_1395_,3.42µm
_1528_,3.42µm
_1910_,3.42µm
_2025_,3.42µm
_2178_,3.42µm
_2194_,3.42µm
_2229_,3.42µm
_2525_,3.42µm
_2554_,3.42µm
_2556_,3.42µm
_2602_,3.42µm
_2661_,3.42µm
_2668_,3.42µm
_2717_,3.42µm
_2798_,3.42µm
_2816_,3.42µm
_3104_,3.42µm
_0372_,3.4µm
_0300_,3.35µm
_0443_,3.32µm
_3153_,3.32µm
_0016_,3.3µm
_0017_,3.3µm
_0043_,3.3µm
_0160_,3.3µm
_0183_,3.3µm
_0193_,3.3µm
_0239_,3.3µm
_0264_,3.3µm
_0317_,3.3µm
_0342_,3.3µm
_0370_,3.3µm
_1092_,3.3µm
_2398_,3.3µm
_2496_,3.3µm
_2929_,3.3µm
_2945_,3.3µm
_3011_,3.3µm
_3098_,3.3µm
_1702_,3.28µm
_0086_,3.23µm
_0126_,3.23µm
_0243_,3.23µm
_0267_,3.23µm
_0340_,3.23µm
_0417_,3.23µm
_0425_,3.23µm
_3092_,3.225µm
_3152_,3.225µm
_3162_,3.225µm
_3166_,3.225µm
_2539_,3.22µm
_2903_,3.22µm
_0162_,3.2µm
_0228_,3.2µm
net1053,3.2µm
net1116,3.2µm
net1177,3.2µm
_1609_,3.2µm
_2401_,3.2µm
_2700_,3.2µm
_3100_,3.2µm
_0234_,3.18µm
_1756_,3.18µm
_2361_,3.18µm
_2532_,3.18µm
_2867_,3.18µm
_2921_,3.18µm
_2940_,3.18µm
_2953_,3.18µm
_2973_,3.18µm
_2982_,3.18µm
_3006_,3.18µm
_3013_,3.18µm
_3015_,3.18µm
_3169_,3.175µm
_0341_,3.15µm
_0389_,3.15µm
_1322_,3.145µm
_0157_,3.13µm
_0161_,3.13µm
_0179_,3.11µm
_2944_,3.11µm
_1541_,3.1µm
_0396_,3.08µm
_0410_,3.08µm
net1224,3.08µm
_1105_,3.08µm
_1273_,3.08µm
_1553_,3.08µm
_1833_,3.08µm
_1841_,3.08µm
_2190_,3.08µm
_2389_,3.08µm
_2537_,3.08µm
_2838_,3.08µm
_2892_,3.08µm
_2898_,3.08µm
_2943_,3.08µm
_2969_,3.08µm
_2979_,3.08µm
_2999_,3.08µm
next_pc\[2\],3.08µm
net695,3.065µm
_0207_,3.06µm
_0276_,3.06µm
_2147_,3.06µm
_1903_,2.98µm
_2199_,2.98µm
_2645_,2.98µm
_2591_,2.965µm
_0015_,2.96µm
_0037_,2.96µm
_0206_,2.96µm
_0309_,2.96µm
_0728_,2.96µm
_0763_,2.96µm
net945,2.96µm
_1532_,2.96µm
_1552_,2.96µm
_1711_,2.96µm
_2044_,2.96µm
_2464_,2.96µm
_2647_,2.96µm
_2676_,2.96µm
_2871_,2.96µm
net514,2.96µm
_3155_,2.955µm
_3168_,2.935µm
_2887_,2.925µm
_2984_,2.925µm
_2827_,2.86µm
_3161_,2.86µm
_0000_,2.84µm
_0002_,2.84µm
_0011_,2.84µm
_0025_,2.84µm
_0047_,2.84µm
_0055_,2.84µm
_0063_,2.84µm
_0075_,2.84µm
_0077_,2.84µm
_0099_,2.84µm
_0106_,2.84µm
_0128_,2.84µm
_0141_,2.84µm
_0170_,2.84µm
_0175_,2.84µm
_0192_,2.84µm
_0213_,2.84µm
_0237_,2.84µm
_0250_,2.84µm
_0263_,2.84µm
_0304_,2.84µm
_0325_,2.84µm
_0336_,2.84µm
_0339_,2.84µm
_0379_,2.84µm
_0382_,2.84µm
_0387_,2.84µm
_0423_,2.84µm
_1031_,2.84µm
_1530_,2.84µm
net790,2.835µm
_2370_,2.79µm
_0359_,2.77µm
_1474_,2.76µm
_2886_,2.76µm
_2894_,2.76µm
_2901_,2.76µm
_2909_,2.76µm
net974,2.76µm
net948,2.76µm
_3165_,2.745µm
_0005_,2.74µm
_0065_,2.74µm
_0085_,2.74µm
_0098_,2.74µm
_0120_,2.74µm
_0145_,2.74µm
_0148_,2.74µm
_0168_,2.74µm
_0230_,2.74µm
_0288_,2.74µm
_0358_,2.74µm
_0762_,2.74µm
_2885_,2.74µm
_2896_,2.74µm
_2905_,2.74µm
_2907_,2.74µm
_2908_,2.74µm
_3117_,2.74µm
_0164_,2.72µm
_0181_,2.72µm
_0190_,2.72µm
_0305_,2.72µm
_0327_,2.72µm
_0407_,2.72µm
net1037,2.72µm
_2812_,2.72µm
_2927_,2.72µm
_2937_,2.72µm
_2972_,2.72µm
_2975_,2.72µm
_2976_,2.72µm
_3007_,2.72µm
_3017_,2.72µm
_2777_,2.715µm
_3146_,2.715µm
_0013_,2.69µm
_0390_,2.69µm
_0391_,2.69µm
_0095_,2.67µm
_0231_,2.67µm
_2722_,2.665µm
_1774_,2.65µm
_2993_,2.65µm
_2994_,2.65µm
_2430_,2.64µm
_2715_,2.64µm
_3110_,2.64µm
_0014_,2.62µm
_0029_,2.62µm
_0208_,2.62µm
_0209_,2.62µm
_0378_,2.62µm
_0756_,2.62µm
_1087_,2.62µm
_1088_,2.62µm
_1112_,2.62µm
_1117_,2.62µm
_1448_,2.62µm
_1842_,2.62µm
_1968_,2.62µm
_2315_,2.62µm
_2544_,2.62µm
_2631_,2.62µm
_2742_,2.62µm
_2786_,2.62µm
_2829_,2.62µm
_2928_,2.62µm
_2959_,2.62µm
_2970_,2.62µm
_3018_,2.62µm
_3097_,2.62µm
_3107_,2.62µm
_0144_,2.55µm
_0271_,2.55µm
_3156_,2.545µm
_2755_,2.525µm
_2597_,2.505µm
_0033_,2.5µm
_0131_,2.5µm
_0292_,2.5µm
_0328_,2.5µm
_0353_,2.5µm
_0415_,2.5µm
_1560_,2.5µm
_1657_,2.5µm
_1725_,2.5µm
_1926_,2.5µm
_1951_,2.5µm
_2298_,2.5µm
_2412_,2.5µm
_2429_,2.5µm
_2528_,2.5µm
_2540_,2.5µm
_2621_,2.5µm
_2766_,2.5µm
_2848_,2.5µm
_2769_,2.465µm
net951,2.4µm
_0001_,2.38µm
_0006_,2.38µm
_0007_,2.38µm
_0010_,2.38µm
_0019_,2.38µm
_0024_,2.38µm
_0031_,2.38µm
_0038_,2.38µm
_0041_,2.38µm
_0044_,2.38µm
_0046_,2.38µm
_0051_,2.38µm
_0053_,2.38µm
_0059_,2.38µm
_0060_,2.38µm
_0064_,2.38µm
_0066_,2.38µm
_0071_,2.38µm
_0078_,2.38µm
_0080_,2.38µm
_0082_,2.38µm
_0083_,2.38µm
_0084_,2.38µm
_0091_,2.38µm
_0100_,2.38µm
_0105_,2.38µm
_0107_,2.38µm
_0111_,2.38µm
_0112_,2.38µm
_0116_,2.38µm
_0122_,2.38µm
_0129_,2.38µm
_0133_,2.38µm
_0135_,2.38µm
_0146_,2.38µm
_0147_,2.38µm
_0159_,2.38µm
_0176_,2.38µm
_0186_,2.38µm
_0232_,2.38µm
_0240_,2.38µm
_0241_,2.38µm
_0249_,2.38µm
_0252_,2.38µm
_0257_,2.38µm
_0258_,2.38µm
_0286_,2.38µm
_0310_,2.38µm
_0311_,2.38µm
_0312_,2.38µm
_0316_,2.38µm
_0321_,2.38µm
_0326_,2.38µm
_0343_,2.38µm
_0350_,2.38µm
_0352_,2.38µm
_0355_,2.38µm
_0364_,2.38µm
_0374_,2.38µm
_0380_,2.38µm
_0385_,2.38µm
_0399_,2.38µm
_0402_,2.38µm
_0406_,2.38µm
_0409_,2.38µm
_0418_,2.38µm
_0426_,2.38µm
_2594_,2.38µm
_2691_,2.38µm
_2800_,2.38µm
_2884_,2.38µm
_2922_,2.38µm
_2365_,2.33µm
_2763_,2.33µm
net1045,2.3µm
net1108,2.3µm
_1574_,2.3µm
_2145_,2.3µm
_2375_,2.3µm
_2379_,2.3µm
_2380_,2.3µm
_2393_,2.3µm
_2864_,2.3µm
_2902_,2.3µm
_2910_,2.3µm
_2911_,2.3µm
_2913_,2.3µm
_2915_,2.3µm
_3101_,2.3µm
_0090_,2.28µm
_0097_,2.28µm
_0156_,2.28µm
_0283_,2.28µm
_0302_,2.28µm
_0384_,2.28µm
_0416_,2.28µm
_0420_,2.28µm
_1094_,2.28µm
_1691_,2.28µm
_2382_,2.28µm
_2824_,2.28µm
_3094_,2.28µm
_3144_,2.255µm
_3147_,2.255µm
_0009_,2.21µm
_0203_,2.21µm
_0278_,2.21µm
_0366_,2.21µm
_0413_,2.21µm
_2343_,2.19µm
_2358_,2.19µm
_2930_,2.19µm
_1547_,2.18µm
_2588_,2.18µm
_2774_,2.18µm
_2806_,2.18µm
_0045_,2.16µm
_0155_,2.16µm
_0163_,2.16µm
_0313_,2.16µm
_0351_,2.16µm
_0392_,2.16µm
_0424_,2.16µm
_0739_,2.16µm
net1196,2.16µm
_1086_,2.16µm
_1093_,2.16µm
_1098_,2.16µm
_1100_,2.16µm
_1104_,2.16µm
_1297_,2.16µm
_1549_,2.16µm
_1633_,2.16µm
_1843_,2.16µm
_1943_,2.16µm
_2019_,2.16µm
_2166_,2.16µm
_2220_,2.16µm
_2287_,2.16µm
_2342_,2.16µm
_2366_,2.16µm
_2394_,2.16µm
_2395_,2.16µm
_2467_,2.16µm
_2490_,2.16µm
_2518_,2.16µm
_2654_,2.16µm
_2952_,2.16µm
_2963_,2.16µm
_3012_,2.16µm
_3095_,2.16µm
_3096_,2.16µm
_3102_,2.16µm
_3109_,2.16µm
_3171_,2.16µm
_0124_,2.09µm
_1570_,2.06µm
_0062_,2.04µm
_0108_,2.04µm
_0200_,2.04µm
_0205_,2.04µm
_0238_,2.04µm
_0261_,2.04µm
_0284_,2.04µm
_0323_,2.04µm
_0357_,2.04µm
_0363_,2.04µm
_0373_,2.04µm
_0386_,2.04µm
_0401_,2.04µm
_1302_,2.04µm
_1518_,2.04µm
_1946_,2.04µm
_2050_,2.04µm
_2630_,2.04µm
_2782_,2.04µm
net990,2.04µm
_2135_,1.94µm
_1393_,1.915µm
_1814_,1.9µm
_3004_,1.87µm
_2964_,1.855µm
_2367_,1.84µm
_2546_,1.84µm
_2611_,1.84µm
_2662_,1.84µm
_2988_,1.84µm
_0020_,1.82µm
_0048_,1.82µm
_0057_,1.82µm
_0067_,1.82µm
_0154_,1.82µm
_0169_,1.82µm
_0177_,1.82µm
_0202_,1.82µm
_0218_,1.82µm
_0220_,1.82µm
_0225_,1.82µm
_0247_,1.82µm
_0273_,1.82µm
_0298_,1.82µm
_0301_,1.82µm
_0307_,1.82µm
_0315_,1.82µm
_0320_,1.82µm
_0333_,1.82µm
_0334_,1.82µm
_0356_,1.82µm
_0368_,1.82µm
_0408_,1.82µm
_1110_,1.82µm
_2392_,1.82µm
_2615_,1.82µm
_2795_,1.82µm
_2891_,1.82µm
_2899_,1.82µm
_0360_,1.75µm
_0381_,1.75µm
_2417_,1.72µm
_2764_,1.72µm
_2832_,1.72µm
_3136_,1.72µm
_0087_,1.7µm
_0127_,1.7µm
_0171_,1.7µm
_0229_,1.7µm
_0275_,1.7µm
_0287_,1.7µm
_0329_,1.7µm
_0347_,1.7µm
_0740_,1.7µm
_0746_,1.7µm
_0900_,1.7µm
net1208,1.7µm
_1106_,1.7µm
_1116_,1.7µm
_1522_,1.7µm
_1832_,1.7µm
_1838_,1.7µm
_2041_,1.7µm
_2119_,1.7µm
_2212_,1.7µm
_2340_,1.7µm
_2362_,1.7µm
_2363_,1.7µm
_2576_,1.7µm
_2623_,1.7µm
_2697_,1.7µm
_2844_,1.7µm
_2957_,1.7µm
_3106_,1.7µm
_1738_,1.6µm
_2014_,1.6µm
_2035_,1.6µm
_2120_,1.6µm
_2136_,1.6µm
_2259_,1.6µm
_2260_,1.6µm
_2819_,1.545µm
_3131_,1.48µm
_0723_,1.425µm
_2527_,1.38µm
_2759_,1.38µm
_0012_,1.36µm
_0021_,1.36µm
_0026_,1.36µm
_0027_,1.36µm
_0028_,1.36µm
_0036_,1.36µm
_0049_,1.36µm
_0050_,1.36µm
_0079_,1.36µm
_0081_,1.36µm
_0096_,1.36µm
_0103_,1.36µm
_0110_,1.36µm
_0118_,1.36µm
_0125_,1.36µm
_0137_,1.36µm
_0143_,1.36µm
_0158_,1.36µm
_0187_,1.36µm
_0191_,1.36µm
_0194_,1.36µm
_0195_,1.36µm
_0204_,1.36µm
_0216_,1.36µm
_0219_,1.36µm
_0221_,1.36µm
_0226_,1.36µm
_0233_,1.36µm
_0242_,1.36µm
_0245_,1.36µm
_0253_,1.36µm
_0256_,1.36µm
_0260_,1.36µm
_0265_,1.36µm
_0266_,1.36µm
_0274_,1.36µm
_0277_,1.36µm
_0285_,1.36µm
_0289_,1.36µm
_0291_,1.36µm
_0296_,1.36µm
_0314_,1.36µm
_0322_,1.36µm
_0330_,1.36µm
_0331_,1.36µm
_0332_,1.36µm
_0338_,1.36µm
_0369_,1.36µm
_0371_,1.36µm
_0376_,1.36µm
_0377_,1.36µm
_0393_,1.36µm
_0394_,1.36µm
_0398_,1.36µm
_0404_,1.36µm
_0411_,1.36µm
_0412_,1.36µm
_0414_,1.36µm
_0419_,1.36µm
_0422_,1.36µm
_1493_,1.175µm
_1022_,1.085µm
_3021_,1.085µm
_1536_,0.92µm
_2461_,0.92µm
_2485_,0.92µm
_2677_,0.92µm
_2794_,0.92µm
_2821_,0.92µm
_2843_,0.92µm
_3116_,0.92µm
_2555_,0.46µm
_2726_,0.46µm
_2833_,0.46µm
net200,0.46µm
